game_date,wl,min,fgm,fga,fg_pct,fg3m,fg3a,fg3_pct,ftm,fta,ft_pct,oreb,dreb,reb,ast,stl,blk,tov,pf,pts,plus_minus,season,opponent,home_away
2013-10-30,W,24,4,10,0.4,2,5,0.4,0,0,0.0,0,4,4,6,1,0,1,4,10,28,2013-14,LAL,Home
2013-10-31,L,38,14,23,0.609,9,14,0.643,1,1,1.0,0,3,3,9,0,0,11,3,38,-8,2013-14,LAC,Away
2013-11-02,W,33,8,13,0.615,5,8,0.625,1,1,1.0,0,1,1,12,1,0,7,4,22,18,2013-14,SAC,Home
2013-11-04,W,29,7,16,0.438,2,9,0.222,2,2,1.0,3,7,10,12,5,1,2,0,18,34,2013-14,PHI,Away
2013-11-06,W,24,2,8,0.25,0,3,0.0,1,2,0.5,0,1,1,7,1,0,1,1,5,3,2013-14,MIN,Away
2013-11-09,L,34,7,18,0.389,4,10,0.4,4,4,1.0,1,1,2,5,3,0,3,1,22,-9,2013-14,MEM,Away
2013-11-12,W,29,7,10,0.7,2,4,0.5,9,9,1.0,1,1,2,8,1,0,2,4,25,20,2013-14,DET,Home
2013-11-14,W,43,8,22,0.364,4,8,0.5,2,3,0.667,0,5,5,9,1,0,2,4,22,-4,2013-14,OKC,Home
2013-11-16,W,39,7,20,0.35,0,5,0.0,1,2,0.5,0,3,3,11,1,0,0,1,15,18,2013-14,UTA,Home
2013-11-18,W,33,7,15,0.467,4,7,0.571,4,4,1.0,2,4,6,8,3,0,5,4,22,22,2013-14,UTA,Away
2013-11-23,L,37,8,21,0.381,2,9,0.222,4,5,0.8,0,3,3,11,1,0,5,1,22,-6,2013-14,POR,Home
2013-11-26,W,42,7,20,0.35,2,5,0.4,0,0,0.0,1,7,8,9,3,1,2,2,16,-2,2013-14,NOP,Away
2013-11-27,L,42,9,19,0.474,6,10,0.6,5,5,1.0,0,4,4,8,1,0,6,3,29,-3,2013-14,DAL,Away
2013-11-29,L,45,13,26,0.5,4,10,0.4,2,3,0.667,2,9,11,5,0,0,3,4,32,7,2013-14,OKC,Away
2013-12-01,W,40,14,24,0.583,5,8,0.625,3,3,1.0,0,2,2,10,3,1,7,1,36,1,2013-14,SAC,Away
2013-12-03,W,43,8,15,0.533,3,7,0.429,8,10,0.8,0,3,3,10,5,1,3,1,27,16,2013-14,TOR,Home
2013-12-06,L,32,5,14,0.357,1,5,0.2,11,11,1.0,0,1,1,5,3,0,8,4,22,-12,2013-14,HOU,Away
2013-12-07,W,45,7,16,0.438,2,7,0.286,6,7,0.857,1,5,6,15,0,1,1,4,22,21,2013-14,MEM,Away
2013-12-09,L,46,14,32,0.438,5,16,0.313,10,12,0.833,1,5,6,9,0,2,4,4,43,3,2013-14,CHA,Away
2013-12-11,W,44,13,25,0.52,6,11,0.545,1,1,1.0,0,4,4,10,3,0,8,3,33,5,2013-14,DAL,Home
2013-12-13,L,39,5,12,0.417,1,5,0.2,9,11,0.818,0,2,2,9,0,0,6,6,20,-18,2013-14,HOU,Home
2013-12-15,L,42,8,17,0.471,4,7,0.571,10,11,0.909,0,6,6,7,3,0,6,2,30,-4,2013-14,PHX,Away
2013-12-17,W,33,11,19,0.579,2,7,0.286,4,4,1.0,1,3,4,11,3,0,3,3,28,22,2013-14,NOP,Home
2013-12-19,L,40,12,28,0.429,6,16,0.375,0,0,0.0,0,2,2,15,4,0,5,1,30,-5,2013-14,SAS,Home
2013-12-21,W,33,5,15,0.333,4,9,0.444,4,4,1.0,1,5,6,10,3,0,1,2,18,26,2013-14,LAL,Home
2013-12-23,W,35,5,14,0.357,2,3,0.667,2,4,0.5,0,3,3,7,2,1,2,4,14,8,2013-14,DEN,Away
2013-12-25,W,42,5,17,0.294,2,6,0.333,3,3,1.0,1,5,6,11,1,0,2,1,15,8,2013-14,LAC,Home
2013-12-27,W,34,5,17,0.294,1,6,0.167,3,5,0.6,3,10,13,16,1,0,7,3,14,27,2013-14,PHX,Home
2013-12-29,W,48,10,23,0.435,5,10,0.5,4,5,0.8,0,9,9,11,2,1,5,3,29,2,2013-14,CLE,Away
2013-12-31,W,30,4,10,0.4,1,5,0.2,0,0,0.0,0,5,5,8,0,0,6,1,9,21,2013-14,ORL,Away
2014-01-02,W,44,13,22,0.591,8,15,0.533,2,3,0.667,0,2,2,12,2,0,4,4,36,16,2013-14,MIA,Away
2014-01-03,W,35,7,15,0.467,1,7,0.143,7,8,0.875,0,8,8,9,5,0,9,5,22,12,2013-14,ATL,Away
2014-01-05,W,38,5,17,0.294,1,5,0.2,3,3,1.0,1,2,3,10,1,1,2,5,14,35,2013-14,WAS,Away
2014-01-07,W,36,5,18,0.278,2,11,0.182,3,4,0.75,0,0,0,6,1,0,7,2,15,11,2013-14,MIL,Away
2014-01-08,L,45,11,25,0.44,2,10,0.2,10,10,1.0,0,5,5,7,3,0,7,5,34,1,2013-14,BKN,Away
2014-01-10,W,40,7,18,0.389,3,8,0.375,2,3,0.667,1,6,7,4,1,0,4,1,19,5,2013-14,BOS,Home
2014-01-15,L,40,7,19,0.368,4,13,0.308,6,7,0.857,0,5,5,7,0,0,2,4,24,4,2013-14,DEN,Home
2014-01-17,L,38,11,18,0.611,6,10,0.6,9,11,0.818,2,1,3,11,3,0,7,2,37,-10,2013-14,OKC,Away
2014-01-18,W,38,10,22,0.455,2,9,0.222,6,6,1.0,1,5,6,8,4,0,0,2,28,15,2013-14,NOP,Away
2014-01-20,L,41,9,20,0.45,3,11,0.273,3,4,0.75,0,3,3,9,0,0,2,2,24,-4,2013-14,IND,Home
2014-01-24,L,37,12,21,0.571,6,10,0.6,3,3,1.0,1,2,3,15,1,0,5,3,33,-3,2013-14,MIN,Home
2014-01-26,W,35,13,23,0.565,5,8,0.625,7,10,0.7,1,6,7,8,2,0,2,1,38,12,2013-14,POR,Home
2014-01-28,L,38,8,23,0.348,2,7,0.286,5,6,0.833,0,2,2,4,4,0,6,5,23,-9,2013-14,WAS,Home
2014-01-30,W,34,8,10,0.8,4,4,1.0,2,2,1.0,0,4,4,7,1,1,3,3,22,23,2013-14,LAC,Home
2014-01-31,W,38,14,26,0.538,8,13,0.615,8,9,0.889,0,2,2,4,0,0,2,0,44,15,2013-14,UTA,Away
2014-02-04,L,38,8,18,0.444,1,7,0.143,0,0,0.0,1,2,3,11,0,0,2,2,17,-18,2013-14,CHA,Home
2014-02-06,W,43,13,19,0.684,4,6,0.667,4,4,1.0,0,3,3,9,1,0,2,3,34,12,2013-14,CHI,Home
2014-02-08,L,41,10,20,0.5,3,10,0.3,5,6,0.833,1,1,2,9,0,0,2,2,28,-15,2013-14,PHX,Away
2014-02-10,W,27,7,11,0.636,6,9,0.667,3,3,1.0,2,3,5,8,1,0,7,3,23,34,2013-14,PHI,Home
2014-02-12,L,39,8,14,0.571,4,4,1.0,9,9,1.0,1,4,5,7,1,0,5,3,29,4,2013-14,MIA,Home
2014-02-19,W,36,5,14,0.357,1,4,0.25,2,3,0.667,0,1,1,8,1,0,0,2,13,12,2013-14,SAC,Away
2014-02-20,W,38,8,15,0.533,5,8,0.625,4,4,1.0,0,2,2,6,2,0,2,5,25,13,2013-14,HOU,Home
2014-02-22,W,32,7,13,0.538,3,4,0.75,0,0,0.0,0,5,5,8,2,0,2,2,17,12,2013-14,BKN,Home
2014-02-24,W,36,6,15,0.4,3,9,0.333,4,5,0.8,3,5,8,9,0,0,4,0,19,-2,2013-14,DET,Away
2014-02-26,L,28,2,10,0.2,1,5,0.2,0,0,0.0,0,3,3,5,0,0,5,0,5,-12,2013-14,CHI,Away
2014-02-28,W,30,9,19,0.474,5,11,0.455,4,4,1.0,2,9,11,11,0,1,4,2,27,19,2013-14,NYK,Away
2014-03-02,L,43,13,27,0.481,4,11,0.364,4,6,0.667,1,3,4,7,1,0,6,3,34,-1,2013-14,TOR,Away
2014-03-04,W,32,7,18,0.389,2,5,0.4,3,3,1.0,1,7,8,6,2,0,4,5,19,-7,2013-14,IND,Away
2014-03-05,W,22,6,10,0.6,1,4,0.25,1,1,1.0,0,3,3,4,1,0,0,3,14,28,2013-14,BOS,Away
2014-03-07,W,30,5,10,0.5,1,4,0.25,2,2,1.0,0,3,3,7,1,0,0,1,13,10,2013-14,ATL,Home
2014-03-09,W,30,7,16,0.438,1,5,0.2,3,3,1.0,0,2,2,9,0,0,1,1,18,11,2013-14,PHX,Home
2014-03-11,W,22,4,12,0.333,1,5,0.2,1,1,1.0,0,2,2,4,3,0,3,1,10,-3,2013-14,DAL,Home
2014-03-12,L,29,5,11,0.455,2,5,0.4,1,1,1.0,1,4,5,11,1,0,4,3,13,2,2013-14,LAC,Away
2014-03-14,L,36,8,17,0.471,5,10,0.5,6,7,0.857,0,4,4,8,3,0,4,1,27,3,2013-14,CLE,Home
2014-03-16,W,40,11,24,0.458,6,12,0.5,9,9,1.0,0,4,4,5,1,0,5,4,37,-5,2013-14,POR,Away
2014-03-18,W,32,9,13,0.692,3,6,0.5,2,2,1.0,1,2,3,5,0,0,3,1,23,21,2013-14,ORL,Home
2014-03-20,W,38,9,14,0.643,3,5,0.6,10,10,1.0,1,2,3,10,1,0,4,2,31,13,2013-14,MIL,Home
2014-03-22,L,39,5,13,0.385,1,4,0.25,9,9,1.0,0,6,6,6,1,0,6,0,20,-7,2013-14,SAS,Home
2014-03-28,W,38,13,22,0.591,5,8,0.625,2,3,0.667,1,4,5,8,1,2,3,1,33,9,2013-14,MEM,Home
2014-03-30,L,41,10,21,0.476,6,12,0.5,6,8,0.75,1,3,4,1,1,0,2,2,32,5,2013-14,NYK,Home
2014-04-01,W,43,10,17,0.588,3,8,0.375,0,0,0.0,1,2,3,10,2,0,1,2,23,8,2013-14,DAL,Away
2014-04-02,L,31,5,15,0.333,1,4,0.25,0,0,0.0,0,0,0,10,1,0,4,2,11,-19,2013-14,SAS,Away
2014-04-04,W,29,5,12,0.417,2,5,0.4,1,1,1.0,1,1,2,5,1,0,1,2,13,28,2013-14,SAC,Home
2014-04-06,W,29,12,18,0.667,5,10,0.5,2,2,1.0,0,1,1,16,3,0,5,2,31,31,2013-14,UTA,Home
2014-04-10,L,34,8,19,0.421,2,7,0.286,6,6,1.0,0,7,7,6,4,0,2,1,24,-3,2013-14,DEN,Home
2014-04-11,W,35,12,20,0.6,4,5,0.8,2,2,1.0,0,10,10,12,2,0,6,3,30,13,2013-14,LAL,Away
2014-04-13,L,45,16,29,0.552,7,14,0.5,8,8,1.0,1,0,1,5,4,0,4,3,47,6,2013-14,POR,Away
2014-04-14,W,42,10,21,0.476,7,13,0.538,5,5,1.0,1,4,5,15,3,0,5,4,32,10,2013-14,MIN,Home
2014-10-29,W,37,7,17,0.412,2,9,0.222,8,9,0.889,1,9,10,5,6,0,4,5,24,20,2014-15,SAC,Away
2014-11-01,W,34,10,19,0.526,3,8,0.375,8,8,1.0,0,5,5,10,3,0,2,3,31,30,2014-15,LAL,Home
2014-11-02,W,31,6,18,0.333,1,5,0.2,8,8,1.0,1,4,5,6,2,0,3,1,21,12,2014-15,POR,Away
2014-11-05,W,34,9,18,0.5,4,8,0.5,6,6,1.0,0,6,6,7,1,0,5,4,28,21,2014-15,LAC,Home
2014-11-08,W,40,13,19,0.684,6,9,0.667,2,2,1.0,1,8,9,5,4,0,5,2,34,13,2014-15,HOU,Away
2014-11-09,L,34,10,20,0.5,4,10,0.4,4,4,1.0,0,2,2,10,5,0,10,5,28,-6,2014-15,PHX,Away
2014-11-11,L,36,7,18,0.389,0,7,0.0,2,2,1.0,0,6,6,5,0,0,3,2,16,-18,2014-15,SAS,Home
2014-11-13,W,32,6,12,0.5,3,7,0.429,2,2,1.0,1,2,3,5,0,0,3,5,17,6,2014-15,BKN,Home
2014-11-15,W,28,8,15,0.533,3,6,0.5,0,1,0.0,2,3,5,9,1,0,1,3,19,23,2014-15,CHA,Home
2014-11-16,W,30,10,19,0.526,5,9,0.556,5,5,1.0,0,4,4,15,1,0,3,0,30,27,2014-15,LAL,Away
2014-11-21,W,25,3,9,0.333,2,6,0.333,0,0,0.0,0,5,5,10,2,0,4,2,8,23,2014-15,UTA,Home
2014-11-23,W,38,5,15,0.333,2,6,0.333,3,4,0.75,0,6,6,6,1,0,1,0,15,2,2014-15,OKC,Away
2014-11-25,W,37,12,19,0.632,8,11,0.727,8,9,0.889,0,6,6,7,3,1,2,2,40,28,2014-15,MIA,Away
2014-11-26,W,24,9,13,0.692,6,8,0.75,4,5,0.8,1,4,5,8,0,0,1,1,28,22,2014-15,ORL,Away
2014-11-28,W,32,9,20,0.45,1,10,0.1,7,7,1.0,1,3,4,6,1,2,4,4,26,16,2014-15,CHA,Away
2014-11-30,W,28,5,9,0.556,1,3,0.333,5,6,0.833,1,2,3,10,1,0,1,2,16,11,2014-15,DET,Away
2014-12-02,W,36,8,17,0.471,3,9,0.333,3,3,1.0,1,3,4,5,0,0,4,2,22,8,2014-15,ORL,Home
2014-12-04,W,31,8,17,0.471,3,6,0.5,0,0,0.0,0,3,3,11,4,1,2,0,19,11,2014-15,NOP,Home
2014-12-06,W,36,5,14,0.357,1,5,0.2,8,9,0.889,1,5,6,7,1,0,3,2,19,7,2014-15,CHI,Away
2014-12-08,W,31,10,20,0.5,1,7,0.143,0,0,0.0,1,3,4,7,3,1,3,3,21,22,2014-15,MIN,Away
2014-12-10,W,37,8,15,0.533,3,5,0.6,1,1,1.0,1,6,7,7,0,0,4,3,20,16,2014-15,HOU,Home
2014-12-13,W,37,9,22,0.409,3,11,0.273,8,9,0.889,0,3,3,8,2,0,1,1,29,13,2014-15,DAL,Away
2014-12-14,W,40,11,21,0.524,6,10,0.6,6,6,1.0,0,7,7,7,1,0,6,1,34,5,2014-15,NOP,Away
2014-12-16,L,39,9,25,0.36,1,10,0.1,0,0,0.0,0,7,7,6,4,0,3,2,19,16,2014-15,MEM,Away
2014-12-18,W,42,14,24,0.583,5,12,0.417,1,1,1.0,4,3,7,9,4,1,4,0,34,7,2014-15,OKC,Home
2014-12-22,W,26,5,12,0.417,1,5,0.2,1,1,1.0,0,2,2,11,3,0,1,1,12,15,2014-15,SAC,Home
2014-12-23,L,30,10,14,0.714,2,5,0.4,0,0,0.0,0,2,2,6,3,0,7,0,22,-10,2014-15,LAL,Away
2014-12-25,L,36,5,12,0.417,1,5,0.2,3,4,0.75,2,7,9,7,2,0,5,3,14,-12,2014-15,LAC,Away
2014-12-27,W,31,9,18,0.5,4,9,0.444,3,4,0.75,1,2,3,6,3,0,3,3,25,18,2014-15,MIN,Home
2014-12-30,W,27,4,7,0.571,3,6,0.5,2,2,1.0,0,3,3,9,3,0,3,3,13,28,2014-15,PHI,Home
2015-01-02,W,34,10,18,0.556,5,11,0.455,7,7,1.0,2,3,5,12,1,0,0,3,32,25,2014-15,TOR,Home
2015-01-05,W,31,7,14,0.5,1,4,0.25,4,4,1.0,0,9,9,6,4,0,2,2,19,15,2014-15,OKC,Home
2015-01-07,W,35,8,17,0.471,4,8,0.5,1,1,1.0,0,3,3,15,4,0,5,5,21,12,2014-15,IND,Home
2015-01-09,W,35,8,15,0.533,3,8,0.375,4,4,1.0,0,1,1,10,2,0,1,1,23,10,2014-15,CLE,Home
2015-01-13,W,29,10,16,0.625,4,9,0.444,3,3,1.0,0,2,2,11,0,0,2,2,27,17,2014-15,UTA,Away
2015-01-14,W,32,11,19,0.579,7,10,0.7,3,5,0.6,2,3,5,3,2,0,3,1,32,11,2014-15,MIA,Home
2015-01-16,L,31,6,13,0.462,2,6,0.333,5,5,1.0,0,3,3,6,2,0,6,2,19,-4,2014-15,OKC,Away
2015-01-17,W,33,9,18,0.5,2,8,0.25,7,8,0.875,3,4,7,11,3,1,2,0,27,25,2014-15,HOU,Away
2015-01-19,W,25,7,13,0.538,2,5,0.4,4,4,1.0,1,0,1,8,1,2,1,2,20,18,2014-15,DEN,Home
2015-01-21,W,34,7,12,0.583,3,5,0.6,5,6,0.833,2,1,3,10,1,0,6,3,22,23,2014-15,HOU,Home
2015-01-23,W,29,3,11,0.273,2,7,0.286,2,2,1.0,1,3,4,11,2,0,6,0,10,20,2014-15,SAC,Home
2015-01-25,W,33,6,16,0.375,1,5,0.2,9,9,1.0,0,4,4,11,2,0,3,1,22,6,2014-15,BOS,Home
2015-01-27,L,43,9,23,0.391,2,9,0.222,1,1,1.0,0,4,4,9,3,0,3,3,21,-3,2014-15,CHI,Home
2015-01-30,L,34,10,22,0.455,5,11,0.455,7,9,0.778,1,6,7,6,3,0,2,1,32,-11,2014-15,UTA,Away
2015-01-31,W,37,9,23,0.391,4,9,0.444,3,3,1.0,1,3,4,7,2,1,1,2,25,23,2014-15,PHX,Home
2015-02-03,W,29,6,15,0.4,2,6,0.333,9,10,0.9,0,5,5,9,3,0,2,2,23,7,2014-15,SAC,Away
2015-02-04,W,37,16,26,0.615,10,16,0.625,9,11,0.818,0,4,4,4,1,0,3,3,51,0,2014-15,DAL,Home
2015-02-06,L,36,8,19,0.421,4,9,0.444,6,7,0.857,0,2,2,9,2,2,1,3,26,-5,2014-15,ATL,Away
2015-02-07,W,31,8,18,0.444,5,9,0.556,1,3,0.333,2,4,6,0,2,0,3,0,22,21,2014-15,NYK,Away
2015-02-09,W,32,7,20,0.35,3,12,0.25,3,4,0.75,0,5,5,6,3,0,1,2,20,0,2014-15,PHI,Away
2015-02-11,W,36,9,23,0.391,2,10,0.2,5,5,1.0,2,3,5,8,3,0,3,1,25,0,2014-15,MIN,Away
2015-02-20,W,32,8,17,0.471,4,8,0.5,5,5,1.0,0,4,4,11,4,0,2,2,25,22,2014-15,SAS,Home
2015-02-24,W,34,11,18,0.611,5,9,0.556,5,5,1.0,0,0,0,8,2,0,0,1,32,1,2014-15,WAS,Away
2015-02-26,L,34,5,17,0.294,3,9,0.333,5,5,1.0,0,3,3,6,1,0,4,3,18,-10,2014-15,CLE,Away
2015-02-27,W,25,8,13,0.615,3,4,0.75,3,3,1.0,3,3,6,5,2,0,2,0,22,33,2014-15,TOR,Away
2015-03-01,W,38,14,22,0.636,5,8,0.625,4,4,1.0,0,4,4,5,1,0,5,1,37,8,2014-15,BOS,Away
2015-03-02,L,29,8,16,0.5,6,12,0.5,4,4,1.0,0,2,2,7,1,0,4,4,26,1,2014-15,BKN,Away
2015-03-04,W,37,6,16,0.375,6,13,0.462,1,2,0.5,0,1,1,11,2,2,5,3,19,6,2014-15,MIL,Home
2015-03-06,W,31,6,11,0.545,5,8,0.625,5,6,0.833,0,2,2,7,2,1,3,2,22,23,2014-15,DAL,Home
2015-03-08,W,32,3,9,0.333,2,2,1.0,4,4,1.0,0,1,1,4,3,0,4,1,12,15,2014-15,LAC,Home
2015-03-09,W,36,14,24,0.583,7,13,0.538,1,2,0.5,3,3,6,5,4,0,4,3,36,23,2014-15,PHX,Away
2015-03-11,W,34,4,15,0.267,1,7,0.143,0,0,0.0,1,4,5,11,1,0,3,1,9,8,2014-15,DET,Home
2015-03-14,W,27,8,15,0.533,6,10,0.6,3,3,1.0,0,3,3,11,3,0,1,2,25,30,2014-15,NYK,Home
2015-03-16,W,33,5,14,0.357,2,6,0.333,7,7,1.0,0,4,4,9,3,0,6,2,19,-2,2014-15,LAL,Home
2015-03-18,W,30,4,11,0.364,2,6,0.333,6,6,1.0,1,3,4,12,0,0,4,1,16,16,2014-15,ATL,Home
2015-03-20,W,27,4,17,0.235,2,10,0.2,6,6,1.0,0,2,2,11,0,0,3,0,16,11,2014-15,NOP,Home
2015-03-21,W,32,8,18,0.444,3,6,0.5,5,5,1.0,1,2,3,3,3,0,0,0,24,12,2014-15,UTA,Home
2015-03-23,W,28,8,14,0.571,5,8,0.625,3,3,1.0,1,4,5,6,2,0,2,1,24,30,2014-15,WAS,Home
2015-03-24,W,35,13,22,0.591,5,9,0.556,2,2,1.0,0,2,2,10,1,0,2,2,33,12,2014-15,POR,Away
2015-03-27,W,34,12,22,0.545,8,12,0.667,6,6,1.0,1,2,3,10,3,1,4,3,38,26,2014-15,MEM,Away
2015-03-28,W,30,8,13,0.615,6,9,0.667,3,3,1.0,0,4,4,6,1,0,6,4,25,-1,2014-15,MIL,Away
2015-03-31,W,36,8,15,0.533,4,6,0.667,7,7,1.0,1,0,1,4,1,0,3,3,27,-1,2014-15,LAC,Away
2015-04-02,W,34,10,22,0.455,6,11,0.545,2,2,1.0,1,7,8,5,0,0,6,3,28,-1,2014-15,PHX,Home
2015-04-04,W,27,4,12,0.333,1,4,0.25,2,3,0.667,2,2,4,3,1,0,1,1,11,9,2014-15,DAL,Away
2015-04-05,L,30,9,17,0.529,5,10,0.5,1,2,0.5,0,4,4,6,1,0,4,2,24,-16,2014-15,SAS,Away
2015-04-07,L,35,9,18,0.5,5,8,0.625,2,2,1.0,1,5,6,9,1,0,2,3,25,4,2014-15,NOP,Away
2015-04-09,W,35,17,23,0.739,8,13,0.615,3,3,1.0,1,1,2,10,0,0,4,2,45,21,2014-15,POR,Home
2015-04-11,W,35,11,21,0.524,5,11,0.455,7,8,0.875,0,4,4,7,4,0,3,1,34,17,2014-15,MIN,Home
2015-04-13,W,29,6,10,0.6,3,6,0.5,0,0,0.0,0,4,4,8,1,0,3,2,15,24,2014-15,MEM,Home
2015-04-15,W,19,4,10,0.4,2,4,0.5,0,0,0.0,2,2,4,7,5,0,2,1,10,14,2014-15,DEN,Home
2015-10-27,W,36,14,26,0.538,5,12,0.417,7,7,1.0,3,3,6,7,2,0,2,1,40,12,2015-16,NOP,Home
2015-10-30,W,27,9,15,0.6,4,9,0.444,3,4,0.75,0,7,7,6,1,0,1,4,25,12,2015-16,HOU,Away
2015-10-31,W,36,17,27,0.63,8,14,0.571,11,11,1.0,0,4,4,9,4,0,2,3,53,16,2015-16,NOP,Away
2015-11-02,W,28,10,16,0.625,4,8,0.5,6,6,1.0,1,2,3,3,3,1,3,2,30,37,2015-16,MEM,Home
2015-11-04,W,33,8,17,0.471,7,11,0.636,8,9,0.889,0,5,5,4,1,0,0,3,31,7,2015-16,LAC,Home
2015-11-06,W,35,12,22,0.545,8,16,0.5,2,3,0.667,0,7,7,10,3,1,4,1,34,14,2015-16,DEN,Home
2015-11-07,W,39,8,18,0.444,2,10,0.2,6,7,0.857,1,5,6,3,2,0,6,1,24,6,2015-16,SAC,Away
2015-11-09,W,37,7,18,0.389,3,7,0.429,5,6,0.833,1,4,5,5,3,0,5,1,22,12,2015-16,DET,Home
2015-11-11,W,35,9,21,0.429,3,10,0.3,7,7,1.0,0,5,5,5,5,1,4,1,28,16,2015-16,MEM,Away
2015-11-12,W,38,15,25,0.6,8,13,0.615,8,8,1.0,0,5,5,4,2,0,3,3,46,21,2015-16,MIN,Away
2015-11-14,W,44,13,31,0.419,5,16,0.313,3,3,1.0,0,3,3,6,1,0,4,1,34,3,2015-16,BKN,Home
2015-11-17,W,40,13,23,0.565,5,10,0.5,6,7,0.857,0,2,2,9,2,0,7,1,37,11,2015-16,TOR,Home
2015-11-19,W,37,11,22,0.5,6,14,0.429,12,12,1.0,0,11,11,4,3,0,7,2,40,12,2015-16,LAC,Away
2015-11-20,W,36,9,20,0.45,3,11,0.273,6,6,1.0,1,4,5,4,4,0,6,2,27,11,2015-16,CHI,Home
2015-11-22,W,28,8,16,0.5,3,8,0.375,0,0,0.0,0,4,4,7,3,0,4,0,19,11,2015-16,DEN,Away
2015-11-24,W,30,10,21,0.476,4,12,0.333,0,0,0.0,0,4,4,9,2,0,0,1,24,36,2015-16,LAL,Home
2015-11-27,W,31,11,20,0.55,9,16,0.563,10,11,0.909,1,5,6,8,2,0,6,2,41,27,2015-16,PHX,Away
2015-11-28,W,30,4,7,0.571,3,6,0.5,8,8,1.0,0,4,4,6,3,0,1,1,19,19,2015-16,SAC,Home
2015-11-30,W,37,9,20,0.45,4,8,0.5,4,4,1.0,2,4,6,5,2,0,2,2,26,12,2015-16,UTA,Away
2015-12-02,W,31,14,18,0.778,8,11,0.727,4,4,1.0,0,3,3,5,0,0,5,2,40,19,2015-16,CHA,Away
2015-12-05,W,38,14,24,0.583,9,15,0.6,7,9,0.778,1,1,2,7,0,0,3,4,44,15,2015-16,TOR,Away
2015-12-06,W,32,11,17,0.647,5,9,0.556,1,4,0.25,0,5,5,2,1,0,4,2,28,10,2015-16,BKN,Away
2015-12-08,W,36,11,23,0.478,3,10,0.3,4,6,0.667,0,7,7,10,3,0,4,1,29,18,2015-16,IND,Away
2015-12-11,W,47,9,27,0.333,6,13,0.462,14,14,1.0,3,8,11,8,2,0,8,4,38,15,2015-16,BOS,Away
2015-12-12,L,35,10,22,0.455,2,9,0.222,6,7,0.857,2,5,7,5,1,0,2,2,28,0,2015-16,MIL,Away
2015-12-16,W,30,10,14,0.714,2,5,0.4,3,5,0.6,0,2,2,7,1,0,3,4,25,37,2015-16,PHX,Home
2015-12-18,W,39,7,14,0.5,2,6,0.333,10,11,0.909,2,8,10,9,2,0,6,2,26,13,2015-16,MIL,Home
2015-12-23,W,34,5,14,0.357,2,8,0.25,4,4,1.0,1,4,5,9,3,0,3,2,16,21,2015-16,UTA,Home
2015-12-25,W,37,6,15,0.4,1,4,0.25,6,6,1.0,1,6,7,7,2,0,3,3,19,15,2015-16,CLE,Home
2015-12-28,W,30,7,16,0.438,6,13,0.462,3,4,0.75,0,14,14,10,2,0,2,3,23,24,2015-16,SAC,Home
2016-01-02,W,14,2,6,0.333,1,5,0.2,0,0,0.0,0,1,1,4,2,0,2,1,5,12,2015-16,DEN,Home
2016-01-04,W,32,12,21,0.571,5,10,0.5,1,1,1.0,0,3,3,4,2,0,2,4,30,1,2015-16,CHA,Home
2016-01-05,W,26,6,13,0.462,4,8,0.5,1,1,1.0,1,0,1,6,3,0,3,2,17,28,2015-16,LAL,Away
2016-01-08,W,29,8,18,0.444,4,11,0.364,6,6,1.0,0,3,3,9,1,0,1,2,26,22,2015-16,POR,Away
2016-01-09,W,38,12,21,0.571,8,14,0.571,6,7,0.857,1,5,6,11,1,1,4,3,38,16,2015-16,SAC,Away
2016-01-11,W,38,11,27,0.407,4,11,0.364,5,6,0.833,0,2,2,6,1,0,1,2,31,-3,2015-16,MIA,Home
2016-01-13,L,40,13,25,0.52,5,12,0.417,7,7,1.0,2,3,5,9,3,1,8,1,38,-4,2015-16,DEN,Away
2016-01-14,W,30,9,18,0.5,8,16,0.5,0,0,0.0,2,4,6,3,1,0,3,3,26,14,2015-16,LAL,Home
2016-01-16,L,37,13,26,0.5,7,15,0.467,5,6,0.833,1,6,7,5,2,0,2,1,38,2,2015-16,DET,Away
2016-01-18,W,28,12,18,0.667,7,12,0.583,4,4,1.0,2,3,5,4,3,0,1,3,35,34,2015-16,CLE,Away
2016-01-20,W,34,8,18,0.444,3,9,0.333,6,6,1.0,1,6,7,11,2,1,2,2,25,36,2015-16,CHI,Away
2016-01-22,W,37,11,19,0.579,8,15,0.533,9,9,1.0,2,8,10,12,1,0,2,1,39,22,2015-16,IND,Home
2016-01-25,W,28,12,20,0.6,6,9,0.667,7,7,1.0,1,1,2,3,5,0,1,0,37,23,2015-16,SAS,Home
2016-01-27,W,32,4,11,0.364,3,7,0.429,3,3,1.0,1,1,2,9,3,1,0,2,14,26,2015-16,DAL,Home
2016-01-30,W,34,9,19,0.474,5,11,0.455,0,0,0.0,2,3,5,6,1,2,8,3,23,8,2015-16,PHI,Away
2016-01-31,W,32,5,17,0.294,3,11,0.273,0,0,0.0,0,4,4,4,3,0,3,1,13,10,2015-16,NYK,Away
2016-02-03,W,36,19,28,0.679,11,15,0.733,2,3,0.667,1,6,7,2,3,0,7,3,51,20,2015-16,WAS,Away
2016-02-06,W,38,10,26,0.385,1,9,0.111,5,5,1.0,1,5,6,10,3,0,3,2,26,3,2015-16,OKC,Home
2016-02-09,W,38,12,24,0.5,7,16,0.438,4,4,1.0,1,4,5,9,1,0,1,2,35,3,2015-16,HOU,Home
2016-02-10,W,30,9,17,0.529,5,10,0.5,3,4,0.75,5,4,9,9,1,1,2,1,26,12,2015-16,PHX,Away
2016-02-19,L,26,12,23,0.522,7,13,0.538,0,0,0.0,2,1,3,5,2,0,3,4,31,-18,2015-16,POR,Away
2016-02-20,W,36,5,15,0.333,3,8,0.375,10,12,0.833,0,3,3,9,3,0,3,2,23,4,2015-16,LAC,Away
2016-02-22,W,36,14,22,0.636,5,11,0.455,3,3,1.0,1,5,6,8,3,0,2,2,36,13,2015-16,ATL,Away
2016-02-24,W,36,14,29,0.483,6,12,0.5,8,8,1.0,3,4,7,7,1,1,7,0,42,7,2015-16,MIA,Away
2016-02-25,W,34,20,27,0.741,10,15,0.667,1,1,1.0,0,7,7,8,0,1,5,1,51,11,2015-16,ORL,Away
2016-02-27,W,38,14,24,0.583,12,16,0.75,6,8,0.75,0,3,3,6,2,0,3,1,46,6,2015-16,OKC,Away
2016-03-03,W,37,12,25,0.48,5,15,0.333,4,5,0.8,1,3,4,4,1,1,1,2,33,6,2015-16,OKC,Home
2016-03-06,L,34,6,20,0.3,1,10,0.1,5,5,1.0,1,5,6,4,1,0,4,2,18,-8,2015-16,LAL,Away
2016-03-07,W,37,14,24,0.583,7,13,0.538,6,6,1.0,1,12,13,3,4,0,5,3,41,21,2015-16,ORL,Home
2016-03-09,W,32,4,12,0.333,3,9,0.333,1,2,0.5,0,3,3,10,3,0,3,2,12,12,2015-16,UTA,Home
2016-03-11,W,29,13,23,0.565,7,14,0.5,1,2,0.5,0,3,3,4,2,0,3,2,34,14,2015-16,POR,Home
2016-03-12,W,35,12,24,0.5,7,16,0.438,4,4,1.0,1,2,3,6,0,0,1,4,35,19,2015-16,PHX,Home
2016-03-14,W,31,10,16,0.625,4,9,0.444,3,4,0.75,1,4,5,5,2,0,1,1,27,27,2015-16,NOP,Home
2016-03-16,W,28,12,20,0.6,8,13,0.615,2,2,1.0,0,6,6,4,0,0,2,2,34,31,2015-16,NYK,Home
2016-03-18,W,34,12,26,0.462,6,12,0.5,1,1,1.0,1,8,9,10,2,0,1,2,31,8,2015-16,DAL,Away
2016-03-19,L,38,4,18,0.222,1,12,0.083,5,5,1.0,2,4,6,6,2,0,2,0,14,-10,2015-16,SAS,Away
2016-03-21,W,35,6,17,0.353,2,9,0.222,5,6,0.833,3,4,7,11,3,1,5,4,19,0,2015-16,MIN,Away
2016-03-23,W,37,12,23,0.522,4,10,0.4,5,6,0.833,0,4,4,5,3,0,1,3,33,4,2015-16,LAC,Home
2016-03-25,W,35,9,18,0.5,5,12,0.417,10,11,0.909,0,8,8,8,4,0,3,0,33,15,2015-16,DAL,Home
2016-03-27,W,33,7,16,0.438,2,9,0.222,4,5,0.8,0,3,3,8,4,0,4,0,20,4,2015-16,PHI,Home
2016-03-29,W,35,9,20,0.45,6,8,0.75,2,2,1.0,0,7,7,7,5,0,5,3,26,15,2015-16,WAS,Home
2016-03-30,W,42,11,23,0.478,5,10,0.5,4,5,0.8,2,5,7,4,2,0,5,4,31,6,2015-16,UTA,Away
2016-04-01,L,37,9,19,0.474,8,14,0.571,3,3,1.0,0,5,5,6,1,0,9,2,29,-1,2015-16,BOS,Home
2016-04-03,W,35,13,21,0.619,9,13,0.692,4,4,1.0,2,4,6,7,2,1,4,2,39,16,2015-16,POR,Home
2016-04-05,L,43,7,25,0.28,4,14,0.286,3,3,1.0,2,4,6,15,3,0,3,4,21,3,2015-16,MIN,Home
2016-04-07,W,36,11,19,0.579,3,7,0.429,2,2,1.0,0,5,5,9,2,0,3,2,27,14,2015-16,SAS,Home
2016-04-09,W,34,7,22,0.318,3,14,0.214,0,0,0.0,0,9,9,8,1,0,2,1,17,10,2015-16,MEM,Away
2016-04-10,W,35,13,22,0.591,4,9,0.444,7,7,1.0,0,5,5,5,2,0,4,4,37,7,2015-16,SAS,Away
2016-04-13,W,30,15,24,0.625,10,19,0.526,6,6,1.0,1,3,4,6,2,0,2,2,46,19,2015-16,MEM,Home
2016-10-25,L,34,9,18,0.5,3,10,0.3,5,6,0.833,0,3,3,4,0,0,4,1,26,-9,2016-17,SAS,Home
2016-10-28,W,34,8,19,0.421,4,10,0.4,3,4,0.75,1,0,1,8,1,0,4,3,23,4,2016-17,NOP,Away
2016-10-30,W,34,9,17,0.529,5,8,0.625,5,5,1.0,0,1,1,3,0,0,1,5,28,2,2016-17,PHX,Away
2016-11-01,W,30,10,21,0.476,5,10,0.5,3,4,0.75,1,3,4,3,1,0,4,3,28,24,2016-17,POR,Away
2016-11-03,W,30,6,14,0.429,2,6,0.333,7,8,0.875,0,1,1,7,2,1,1,1,21,17,2016-17,OKC,Home
2016-11-04,L,31,5,17,0.294,0,10,0.0,3,3,1.0,0,8,8,10,2,1,2,3,13,-5,2016-17,LAL,Away
2016-11-07,W,36,16,26,0.615,13,17,0.765,1,2,0.5,3,2,5,5,2,0,4,2,46,7,2016-17,NOP,Home
2016-11-09,W,31,8,12,0.667,4,8,0.5,4,4,1.0,0,3,3,6,1,0,5,1,24,17,2016-17,DAL,Home
2016-11-10,W,30,10,17,0.588,7,13,0.538,6,6,1.0,1,4,5,6,1,0,4,1,33,27,2016-17,DEN,Away
2016-11-13,W,37,9,17,0.529,5,9,0.556,7,7,1.0,0,6,6,6,2,0,3,2,30,22,2016-17,PHX,Home
2016-11-16,W,37,10,19,0.526,3,9,0.333,12,13,0.923,2,1,3,7,1,0,3,3,35,5,2016-17,TOR,Away
2016-11-18,W,36,7,20,0.35,2,10,0.2,0,0,0.0,0,3,3,8,4,1,2,4,16,19,2016-17,BOS,Away
2016-11-19,W,35,7,21,0.333,1,11,0.091,5,5,1.0,0,5,5,5,1,0,3,4,20,1,2016-17,MIL,Away
2016-11-21,W,30,6,11,0.545,2,6,0.333,8,8,1.0,2,4,6,6,1,0,1,1,22,34,2016-17,IND,Away
2016-11-23,W,29,11,18,0.611,7,12,0.583,2,2,1.0,0,5,5,9,1,0,1,1,31,32,2016-17,LAL,Home
2016-11-25,W,36,8,17,0.471,4,10,0.4,4,4,1.0,2,3,5,5,3,0,3,1,24,14,2016-17,LAL,Away
2016-11-26,W,37,13,19,0.684,4,8,0.5,4,4,1.0,1,7,8,6,1,0,6,4,34,16,2016-17,MIN,Home
2016-11-28,W,38,6,17,0.353,4,11,0.364,9,11,0.818,0,3,3,3,2,0,3,2,25,6,2016-17,ATL,Home
2016-12-01,L,38,9,22,0.409,4,13,0.308,6,6,1.0,1,2,3,5,3,1,5,6,28,10,2016-17,HOU,Home
2016-12-03,W,30,10,15,0.667,5,7,0.714,6,6,1.0,0,2,2,1,1,0,3,2,31,15,2016-17,PHX,Home
2016-12-05,W,29,4,10,0.4,2,7,0.286,3,4,0.75,0,4,4,11,2,1,0,4,13,24,2016-17,IND,Home
2016-12-07,W,33,7,16,0.438,0,8,0.0,5,5,1.0,0,4,4,6,7,0,3,3,19,18,2016-17,LAC,Away
2016-12-08,W,36,7,16,0.438,3,9,0.333,9,9,1.0,0,5,5,2,2,0,3,2,26,10,2016-17,UTA,Away
2016-12-10,L,31,4,14,0.286,3,11,0.273,6,6,1.0,2,6,8,3,0,0,4,3,17,-24,2016-17,MEM,Away
2016-12-11,W,32,6,13,0.462,2,5,0.4,8,8,1.0,1,3,4,9,1,0,0,3,22,-6,2016-17,MIN,Away
2016-12-13,W,34,11,23,0.478,5,9,0.556,3,4,0.75,2,2,4,7,1,0,2,2,30,4,2016-17,NOP,Away
2016-12-15,W,34,3,14,0.214,2,8,0.25,0,0,0.0,1,9,10,8,1,0,3,0,8,20,2016-17,NYK,Home
2016-12-17,W,27,6,11,0.545,5,8,0.625,2,2,1.0,0,3,3,6,0,0,3,3,19,21,2016-17,POR,Home
2016-12-20,W,30,8,18,0.444,4,9,0.444,5,5,1.0,0,3,3,4,3,0,0,0,25,27,2016-17,UTA,Home
2016-12-22,W,33,6,19,0.316,3,13,0.231,0,0,0.0,0,2,2,7,5,0,2,5,15,25,2016-17,BKN,Away
2016-12-23,W,35,7,16,0.438,5,10,0.5,6,6,1.0,0,3,3,8,2,0,5,1,25,6,2016-17,DET,Away
2016-12-25,L,37,4,11,0.364,2,7,0.286,5,6,0.833,0,3,3,3,3,0,3,4,15,-1,2016-17,CLE,Away
2016-12-28,W,36,9,18,0.5,3,6,0.5,7,7,1.0,1,6,7,7,0,0,2,3,28,27,2016-17,TOR,Home
2016-12-30,W,30,5,12,0.417,3,6,0.5,1,1,1.0,0,4,4,5,1,0,1,2,14,14,2016-17,DAL,Home
2017-01-02,W,35,8,18,0.444,3,9,0.333,3,3,1.0,0,3,3,5,0,0,3,2,22,7,2016-17,DEN,Home
2017-01-04,W,36,12,25,0.48,5,13,0.385,6,8,0.75,1,6,7,5,1,0,5,1,35,6,2016-17,POR,Home
2017-01-06,L,42,15,27,0.556,5,13,0.385,5,5,1.0,0,3,3,6,1,1,4,2,40,-10,2016-17,MEM,Home
2017-01-08,W,37,11,22,0.5,5,11,0.455,3,3,1.0,2,2,4,6,2,0,4,3,30,14,2016-17,SAC,Away
2017-01-10,W,36,8,21,0.381,4,11,0.364,4,5,0.8,1,7,8,9,1,1,3,0,24,18,2016-17,MIA,Home
2017-01-12,W,30,9,17,0.529,3,9,0.333,3,3,1.0,0,2,2,7,5,0,8,0,24,32,2016-17,DET,Home
2017-01-16,W,31,7,20,0.35,5,12,0.417,1,2,0.5,0,2,2,11,4,0,3,2,20,23,2016-17,CLE,Home
2017-01-18,W,34,9,19,0.474,2,6,0.333,4,4,1.0,0,4,4,8,3,0,3,0,24,19,2016-17,OKC,Home
2017-01-20,W,33,8,18,0.444,5,11,0.455,3,5,0.6,0,1,1,7,1,0,1,1,24,15,2016-17,HOU,Away
2017-01-22,W,30,8,15,0.533,7,13,0.538,4,4,1.0,1,3,4,6,0,0,3,2,27,32,2016-17,ORL,Away
2017-01-23,L,37,7,19,0.368,3,9,0.333,4,5,0.8,0,9,9,8,0,1,4,2,21,1,2016-17,MIA,Away
2017-01-25,W,36,11,23,0.478,6,12,0.5,0,0,0.0,0,2,2,7,1,1,4,2,28,0,2016-17,CHA,Away
2017-01-28,W,29,15,23,0.652,9,15,0.6,4,4,1.0,0,9,9,6,0,0,2,1,43,42,2016-17,LAC,Home
2017-02-01,W,30,14,20,0.7,11,15,0.733,0,0,0.0,1,4,5,8,3,0,1,2,39,25,2016-17,CHA,Home
2017-02-02,W,37,11,23,0.478,3,10,0.3,4,4,1.0,1,2,3,11,3,0,4,1,29,13,2016-17,LAC,Away
2017-02-04,L,42,11,20,0.55,8,14,0.571,5,6,0.833,0,4,4,9,3,0,3,2,35,4,2016-17,SAC,Away
2017-02-08,W,28,5,11,0.455,1,4,0.25,2,2,1.0,0,1,1,6,1,0,2,4,13,20,2016-17,CHI,Home
2017-02-10,W,35,6,13,0.462,2,6,0.333,4,5,0.8,0,4,4,5,0,0,3,3,18,15,2016-17,MEM,Away
2017-02-11,W,34,9,19,0.474,4,11,0.364,4,4,1.0,3,5,8,9,2,0,0,2,26,16,2016-17,OKC,Away
2017-02-13,L,27,4,18,0.222,1,11,0.091,2,2,1.0,1,1,2,5,1,0,1,1,11,-24,2016-17,DEN,Away
2017-02-15,W,30,4,14,0.286,2,8,0.25,3,4,0.75,0,6,6,9,0,2,3,2,13,23,2016-17,SAC,Home
2017-02-23,W,32,10,16,0.625,6,10,0.6,9,10,0.9,1,6,7,5,4,0,4,5,35,26,2016-17,LAC,Home
2017-02-25,W,35,9,21,0.429,5,10,0.5,4,4,1.0,1,4,5,5,3,0,4,2,27,17,2016-17,BKN,Home
2017-02-27,W,35,7,23,0.304,0,11,0.0,5,5,1.0,2,2,4,6,2,0,4,2,19,8,2016-17,PHI,Away
2017-02-28,L,34,9,20,0.45,2,9,0.222,5,6,0.833,4,3,7,4,2,0,5,3,25,-5,2016-17,WAS,Away
2017-03-02,L,35,10,27,0.37,2,11,0.182,1,1,1.0,1,5,6,5,5,0,4,4,23,-4,2016-17,CHI,Away
2017-03-05,W,37,11,24,0.458,5,13,0.385,4,6,0.667,2,6,8,6,2,0,2,2,31,22,2016-17,NYK,Away
2017-03-06,W,35,8,20,0.4,6,15,0.4,2,3,0.667,1,3,4,9,0,0,2,4,24,5,2016-17,ATL,Away
2017-03-08,L,35,8,16,0.5,2,9,0.222,5,5,1.0,3,2,5,6,0,1,4,4,23,-3,2016-17,BOS,Home
2017-03-10,L,35,10,27,0.37,1,8,0.125,5,5,1.0,3,3,6,7,1,0,6,4,26,-5,2016-17,MIN,Away
2017-03-14,W,37,8,23,0.348,5,13,0.385,8,8,1.0,2,4,6,5,3,0,5,3,29,3,2016-17,PHI,Home
2017-03-16,W,28,8,15,0.533,2,7,0.286,7,7,1.0,0,1,1,9,3,0,2,1,25,24,2016-17,ORL,Home
2017-03-18,W,30,9,13,0.692,6,8,0.75,4,4,1.0,0,4,4,4,1,1,3,3,28,18,2016-17,MIL,Home
2017-03-20,W,30,8,17,0.471,7,12,0.583,0,0,0.0,0,4,4,6,0,0,5,3,23,16,2016-17,OKC,Away
2017-03-21,W,30,7,14,0.5,3,9,0.333,0,0,0.0,1,4,5,9,2,0,0,1,17,14,2016-17,DAL,Away
2017-03-24,W,33,9,18,0.5,5,11,0.455,4,4,1.0,1,6,7,12,6,0,3,0,27,28,2016-17,SAC,Home
2017-03-26,W,36,8,18,0.444,5,12,0.417,0,0,0.0,0,1,1,11,4,0,5,1,21,8,2016-17,MEM,Home
2017-03-28,W,33,11,22,0.5,3,11,0.273,7,10,0.7,2,8,10,7,2,0,6,5,32,9,2016-17,HOU,Away
2017-03-29,W,35,9,20,0.45,4,8,0.5,7,7,1.0,1,3,4,11,1,0,2,5,29,6,2016-17,SAS,Away
2017-03-31,W,35,8,18,0.444,4,9,0.444,4,5,0.8,3,4,7,5,2,0,2,4,24,14,2016-17,HOU,Home
2017-04-02,W,36,15,22,0.682,9,14,0.643,3,3,1.0,0,1,1,8,1,0,1,3,42,26,2016-17,WAS,Home
2017-04-04,W,30,7,18,0.389,3,8,0.375,2,4,0.5,0,3,3,9,3,2,3,2,19,13,2016-17,MIN,Home
2017-04-05,W,35,15,25,0.6,8,12,0.667,4,7,0.571,0,4,4,11,2,2,3,0,42,25,2016-17,PHX,Away
2017-04-10,L,30,9,16,0.563,6,8,0.75,4,5,0.8,1,3,4,4,1,0,1,1,28,9,2016-17,UTA,Home
2017-04-12,W,28,6,17,0.353,5,14,0.357,3,4,0.75,0,5,5,8,2,0,6,1,20,27,2016-17,LAL,Home
2017-10-17,L,30,8,18,0.444,3,9,0.333,3,3,1.0,0,5,5,4,1,0,2,4,22,9,2017-18,HOU,Home
2017-10-20,W,35,7,16,0.438,4,11,0.364,10,10,1.0,0,3,3,8,0,0,1,1,28,7,2017-18,NOP,Away
2017-10-21,L,30,9,17,0.529,6,11,0.545,13,13,1.0,0,6,6,3,0,0,2,5,37,-6,2017-18,MEM,Away
2017-10-23,W,31,7,15,0.467,2,10,0.2,13,13,1.0,2,0,2,8,4,0,6,1,29,22,2017-18,DAL,Away
2017-10-25,W,38,9,20,0.45,4,11,0.364,8,8,1.0,0,4,4,5,3,1,2,2,30,14,2017-18,TOR,Home
2017-10-27,W,36,7,19,0.368,3,13,0.231,3,3,1.0,0,5,5,8,2,0,2,2,20,-8,2017-18,WAS,Home
2017-10-29,L,35,11,17,0.647,3,7,0.429,2,3,0.667,1,5,6,8,1,0,5,3,27,12,2017-18,DET,Home
2017-10-30,W,30,9,14,0.643,7,11,0.636,6,8,0.75,2,3,5,6,2,1,1,3,31,23,2017-18,LAC,Away
2017-11-02,W,32,7,13,0.538,3,4,0.75,4,4,1.0,1,7,8,5,3,0,2,2,21,16,2017-18,SAS,Away
2017-11-04,W,30,7,14,0.5,5,10,0.5,3,4,0.75,0,0,0,11,2,0,3,0,22,44,2017-18,DEN,Away
2017-11-06,W,34,5,19,0.263,2,9,0.222,4,5,0.8,0,5,5,4,2,0,1,3,16,25,2017-18,MIA,Home
2017-11-08,W,30,7,16,0.438,2,7,0.286,6,6,1.0,0,8,8,8,2,1,5,2,22,16,2017-18,MIN,Home
2017-11-11,W,30,5,12,0.417,3,8,0.375,9,9,1.0,0,4,4,9,1,0,2,0,22,29,2017-18,PHI,Home
2017-11-16,L,31,3,14,0.214,2,9,0.222,1,2,0.5,2,4,6,5,4,0,4,5,9,-14,2017-18,BOS,Away
2017-11-18,W,35,11,22,0.5,4,9,0.444,9,9,1.0,0,5,5,5,0,1,2,1,35,3,2017-18,PHI,Away
2017-11-19,W,33,14,24,0.583,4,10,0.4,7,8,0.875,3,8,11,7,3,0,7,6,39,4,2017-18,BKN,Away
2017-11-22,L,31,9,18,0.5,3,8,0.375,3,3,1.0,1,4,5,6,1,0,6,1,24,-17,2017-18,OKC,Away
2017-11-24,W,27,10,18,0.556,4,11,0.364,9,9,1.0,0,7,7,4,2,0,2,2,33,39,2017-18,CHI,Home
2017-11-25,W,36,9,25,0.36,3,13,0.231,6,6,1.0,0,4,4,6,1,0,1,2,27,5,2017-18,NOP,Home
2017-11-29,W,39,9,20,0.45,3,9,0.333,7,8,0.875,0,5,5,7,0,0,5,4,28,4,2017-18,LAL,Away
2017-12-01,W,33,9,20,0.45,3,8,0.375,2,2,1.0,1,5,6,10,3,0,4,2,23,19,2017-18,ORL,Away
2017-12-03,W,30,11,16,0.688,5,9,0.556,3,4,0.75,0,2,2,3,2,0,0,1,30,20,2017-18,MIA,Away
2017-12-04,W,34,9,19,0.474,5,11,0.455,8,9,0.889,2,3,5,11,1,0,2,5,31,-1,2017-18,NOP,Away
2017-12-30,W,26,13,17,0.765,10,13,0.769,2,2,1.0,0,4,4,3,0,0,0,2,38,24,2017-18,MEM,Home
2018-01-03,W,34,11,19,0.579,6,13,0.462,4,5,0.8,0,5,5,8,1,0,3,1,32,7,2017-18,DAL,Away
2018-01-04,W,37,10,20,0.5,4,10,0.4,5,6,0.833,0,9,9,5,1,0,3,3,29,3,2017-18,HOU,Away
2018-01-06,W,30,11,21,0.524,8,16,0.5,15,16,0.938,2,4,6,3,3,0,2,2,45,28,2017-18,LAC,Away
2018-01-08,W,35,9,17,0.529,5,10,0.5,9,10,0.9,1,3,4,9,2,0,6,3,32,3,2017-18,DEN,Home
2018-01-13,W,34,6,12,0.5,2,7,0.286,10,12,0.833,0,6,6,9,1,0,1,3,24,-5,2017-18,TOR,Away
2018-01-15,W,33,8,15,0.533,4,8,0.5,3,4,0.75,1,3,4,8,2,0,3,3,23,13,2017-18,CLE,Away
2018-01-17,W,35,10,18,0.556,6,11,0.545,4,4,1.0,0,9,9,4,1,0,6,2,30,21,2017-18,CHI,Away
2018-01-20,L,36,6,20,0.3,5,15,0.333,2,4,0.5,0,1,1,8,2,0,6,2,19,-11,2017-18,HOU,Away
2018-01-23,W,33,9,19,0.474,8,15,0.533,6,6,1.0,0,6,6,7,0,0,1,2,32,4,2017-18,NYK,Home
2018-01-25,W,37,9,14,0.643,5,9,0.556,2,3,0.667,2,3,5,9,3,0,2,2,25,20,2017-18,MIN,Home
2018-01-27,W,37,16,24,0.667,8,13,0.615,9,10,0.9,0,4,4,5,2,0,1,2,49,6,2017-18,BOS,Home
2018-01-30,L,30,4,13,0.308,1,7,0.143,5,5,1.0,1,1,2,5,0,0,3,1,14,-17,2017-18,UTA,Away
2018-02-02,W,36,7,17,0.412,3,10,0.3,6,6,1.0,1,4,5,6,2,0,6,3,23,14,2017-18,SAC,Away
2018-02-03,L,36,8,16,0.5,5,12,0.417,3,4,0.75,1,5,6,4,2,0,5,2,24,4,2017-18,DEN,Away
2018-02-06,L,32,6,14,0.429,2,9,0.222,7,7,1.0,1,4,5,5,1,1,3,3,21,-14,2017-18,OKC,Home
2018-02-08,W,30,7,12,0.583,4,9,0.444,2,2,1.0,2,5,7,8,0,0,4,1,20,3,2017-18,DAL,Home
2018-02-10,W,29,7,13,0.538,3,7,0.429,0,0,0.0,1,3,4,8,2,0,2,0,17,6,2017-18,SAS,Home
2018-02-12,W,30,8,17,0.471,3,9,0.333,3,3,1.0,2,7,9,7,0,1,3,3,22,21,2017-18,PHX,Home
2018-02-14,L,34,6,17,0.353,3,10,0.3,2,2,1.0,2,2,4,6,3,0,7,4,17,-7,2017-18,POR,Away
2018-02-22,W,37,14,19,0.737,8,11,0.727,8,8,1.0,1,5,6,10,2,0,4,4,44,8,2017-18,LAC,Home
2018-02-24,W,30,8,19,0.421,5,12,0.417,0,0,0.0,1,8,9,6,3,0,2,2,21,24,2017-18,OKC,Home
2018-02-26,W,30,8,16,0.5,4,9,0.444,1,1,1.0,0,5,5,5,0,0,3,1,21,25,2017-18,NYK,Away
2018-02-28,W,35,5,15,0.333,4,9,0.444,11,12,0.917,0,5,5,3,2,0,6,3,25,20,2017-18,WAS,Away
2018-03-02,W,23,8,15,0.533,4,9,0.444,8,8,1.0,0,1,1,3,2,0,0,0,28,2,2017-18,ATL,Away
2018-03-06,W,34,12,20,0.6,6,12,0.5,4,5,0.8,1,5,6,4,3,1,3,2,34,11,2017-18,BKN,Home
2018-03-08,W,2,0,1,0.0,0,0,0.0,2,2,1.0,0,0,0,0,0,0,0,0,2,-1,2017-18,SAS,Home
2018-03-23,W,25,10,18,0.556,3,8,0.375,6,6,1.0,1,6,7,1,0,1,1,1,29,9,2017-18,ATL,Home
2018-10-16,W,37,11,20,0.55,5,9,0.556,5,5,1.0,0,8,8,9,1,0,3,4,32,15,2018-19,OKC,Home
2018-10-19,W,37,13,24,0.542,5,9,0.556,0,1,0.0,1,3,4,8,2,0,4,2,31,-3,2018-19,UTA,Away
2018-10-21,L,39,10,23,0.435,6,16,0.375,4,4,1.0,0,4,4,6,0,0,2,4,30,3,2018-19,DEN,Away
2018-10-22,W,30,11,18,0.611,6,13,0.462,1,2,0.5,0,4,4,8,2,0,3,0,29,18,2018-19,PHX,Home
2018-10-24,W,32,15,24,0.625,11,16,0.688,10,10,1.0,0,4,4,3,0,1,2,1,51,19,2018-19,WAS,Home
2018-10-26,W,33,10,18,0.556,6,11,0.545,3,3,1.0,1,3,4,2,1,0,3,2,29,3,2018-19,NYK,Away
2018-10-28,W,36,11,26,0.423,7,15,0.467,6,7,0.857,1,6,7,3,1,0,2,1,35,11,2018-19,BKN,Away
2018-10-29,W,25,7,9,0.778,2,4,0.5,7,7,1.0,0,8,8,5,2,0,1,3,23,27,2018-19,CHI,Away
2018-10-31,W,37,12,20,0.6,7,11,0.636,6,7,0.857,0,2,2,9,2,0,5,3,37,19,2018-19,NOP,Home
2018-11-02,W,35,11,24,0.458,4,12,0.333,2,2,1.0,1,8,9,7,0,2,4,3,28,6,2018-19,MIN,Home
2018-11-05,W,32,6,17,0.353,3,6,0.5,4,4,1.0,2,3,5,7,1,1,5,1,19,26,2018-19,MEM,Home
2018-11-08,L,26,5,14,0.357,0,4,0.0,0,0,0.0,0,1,1,6,0,0,2,4,10,-26,2018-19,MIL,Home
2018-12-01,L,36,10,21,0.476,3,9,0.333,4,4,1.0,0,5,5,3,2,0,7,4,27,-8,2018-19,DET,Away
2018-12-03,W,29,10,17,0.588,6,10,0.6,4,4,1.0,0,3,3,2,1,1,3,4,30,22,2018-19,ATL,Away
2018-12-05,W,34,11,20,0.55,9,14,0.643,11,12,0.917,0,9,9,7,1,0,2,1,42,22,2018-19,CLE,Away
2018-12-07,W,36,7,17,0.412,4,9,0.444,2,2,1.0,0,4,4,8,1,0,3,3,20,9,2018-19,MIL,Away
2018-12-10,W,36,12,23,0.522,7,14,0.5,7,7,1.0,1,6,7,6,2,1,2,1,38,9,2018-19,MIN,Home
2018-12-12,L,33,3,12,0.25,2,8,0.25,2,2,1.0,1,2,3,3,1,0,4,1,10,-16,2018-19,TOR,Home
2018-12-14,W,36,11,23,0.478,5,14,0.357,8,8,1.0,1,6,7,6,3,0,1,2,35,18,2018-19,SAC,Away
2018-12-17,W,35,6,16,0.375,3,9,0.333,5,5,1.0,0,7,7,1,2,0,3,3,20,19,2018-19,MEM,Home
2018-12-19,L,37,12,21,0.571,5,9,0.556,3,3,1.0,1,2,3,3,3,1,4,4,32,-6,2018-19,UTA,Away
2018-12-22,W,39,7,22,0.318,6,17,0.353,2,3,0.667,2,3,5,5,2,0,3,5,22,-3,2018-19,DAL,Home
2018-12-23,W,36,12,22,0.545,6,15,0.4,12,13,0.923,3,3,6,2,1,0,0,4,42,8,2018-19,LAC,Home
2018-12-25,L,37,5,17,0.294,2,8,0.25,3,3,1.0,0,2,2,5,1,0,1,5,15,-9,2018-19,LAL,Home
2018-12-27,L,42,11,26,0.423,6,15,0.4,1,3,0.333,1,4,5,7,2,2,7,1,29,-3,2018-19,POR,Home
2018-12-29,W,36,6,15,0.4,2,8,0.25,11,14,0.786,1,4,5,8,2,1,2,1,25,10,2018-19,POR,Away
2018-12-31,W,32,11,17,0.647,5,9,0.556,7,7,1.0,1,8,9,4,1,0,3,2,34,15,2018-19,PHX,Away
2019-01-03,L,40,14,27,0.519,5,15,0.333,2,3,0.667,0,3,3,6,0,0,5,4,35,3,2018-19,HOU,Home
2019-01-05,W,38,14,26,0.538,10,20,0.5,4,4,1.0,0,5,5,2,2,0,6,2,42,12,2018-19,SAC,Away
2019-01-08,W,32,5,19,0.263,3,12,0.25,1,1,1.0,1,6,7,14,1,0,1,3,14,36,2018-19,NYK,Home
2019-01-11,W,27,10,16,0.625,5,11,0.455,3,3,1.0,2,3,5,8,0,0,4,0,28,39,2018-19,CHI,Home
2019-01-13,W,37,17,32,0.531,11,19,0.579,3,3,1.0,3,3,6,5,1,2,0,5,48,9,2018-19,DAL,Away
2019-01-15,W,30,10,18,0.556,8,13,0.615,3,3,1.0,1,5,6,4,0,0,3,2,31,25,2018-19,DEN,Away
2019-01-16,W,35,11,22,0.5,9,17,0.529,10,10,1.0,1,4,5,3,1,0,2,3,41,20,2018-19,NOP,Home
2019-01-18,W,33,10,19,0.526,3,11,0.273,5,5,1.0,0,5,5,4,1,1,1,2,28,9,2018-19,LAC,Away
2019-01-21,W,30,3,12,0.25,2,10,0.2,3,3,1.0,1,4,5,12,1,0,0,3,11,27,2018-19,LAL,Away
2019-01-24,W,35,14,24,0.583,2,8,0.25,8,8,1.0,0,4,4,3,0,1,3,2,38,13,2018-19,WAS,Away
2019-01-26,W,38,7,15,0.467,6,12,0.5,4,4,1.0,0,3,3,3,0,0,1,2,24,4,2018-19,BOS,Away
2019-01-28,W,27,10,13,0.769,6,8,0.75,0,0,0.0,1,5,6,3,2,0,3,4,26,10,2018-19,IND,Away
2019-01-31,L,38,14,27,0.519,10,18,0.556,3,4,0.75,1,3,4,6,1,0,6,1,41,-6,2018-19,PHI,Home
2019-02-02,W,33,5,15,0.333,2,9,0.222,2,3,0.667,0,4,4,2,0,0,2,2,14,13,2018-19,LAL,Home
2019-02-06,W,29,7,12,0.583,3,5,0.6,2,3,0.667,1,4,5,7,2,1,3,2,19,26,2018-19,SAS,Home
2019-02-08,W,36,6,17,0.353,3,11,0.273,5,6,0.833,0,7,7,7,1,1,2,5,20,13,2018-19,PHX,Away
2019-02-10,W,36,9,18,0.5,5,10,0.5,2,2,1.0,1,3,4,2,2,0,2,2,25,-9,2018-19,MIA,Home
2019-02-12,W,36,8,19,0.421,5,14,0.357,3,3,1.0,0,5,5,4,4,2,2,3,24,5,2018-19,UTA,Home
2019-02-13,L,33,10,24,0.417,5,14,0.357,7,7,1.0,1,6,7,2,0,0,1,2,32,-10,2018-19,POR,Away
2019-02-21,W,36,12,23,0.522,10,16,0.625,2,2,1.0,0,6,6,7,2,0,3,1,36,6,2018-19,SAC,Home
2019-02-23,L,36,9,18,0.5,5,11,0.455,2,2,1.0,0,9,9,7,1,1,3,3,25,-1,2018-19,HOU,Home
2019-02-25,W,35,5,18,0.278,4,14,0.286,2,3,0.667,0,5,5,6,4,0,4,1,16,-4,2018-19,CHA,Away
2019-02-27,L,34,9,20,0.45,4,14,0.286,2,3,0.667,1,5,6,4,0,0,3,1,24,5,2018-19,MIA,Away
2019-02-28,L,37,12,33,0.364,5,17,0.294,4,4,1.0,1,7,8,6,0,0,3,1,33,1,2018-19,ORL,Away
2019-03-02,W,36,10,23,0.435,5,15,0.333,3,3,1.0,1,3,4,2,4,0,2,4,28,2,2018-19,PHI,Away
2019-03-05,L,31,8,16,0.5,4,10,0.4,3,3,1.0,0,3,3,4,1,0,4,3,23,-21,2018-19,BOS,Home
2019-03-08,W,34,6,16,0.375,4,10,0.4,1,2,0.5,0,7,7,4,0,0,7,4,17,20,2018-19,DEN,Home
2019-03-10,L,35,6,20,0.3,4,15,0.267,2,2,1.0,0,7,7,8,3,1,3,4,18,7,2018-19,PHX,Home
2019-03-13,W,35,8,20,0.4,3,9,0.333,5,5,1.0,2,2,4,5,2,0,1,2,24,-3,2018-19,HOU,Away
2019-03-16,W,33,10,23,0.435,5,12,0.417,8,10,0.8,1,6,7,3,2,0,4,1,33,19,2018-19,OKC,Away
2019-03-18,L,37,9,25,0.36,6,18,0.333,1,1,1.0,1,6,7,8,3,1,2,3,25,3,2018-19,SAS,Away
2019-03-19,W,33,12,21,0.571,8,14,0.571,4,5,0.8,1,2,3,5,2,0,2,1,36,15,2018-19,MIN,Away
2019-03-21,W,29,5,15,0.333,5,12,0.417,0,0,0.0,1,3,4,7,1,0,3,3,15,24,2018-19,IND,Home
2019-03-24,W,35,9,19,0.474,5,10,0.5,3,3,1.0,2,7,9,3,1,0,4,2,26,14,2018-19,DET,Home
2019-03-27,W,33,7,20,0.35,6,12,0.5,8,9,0.889,0,10,10,7,1,1,1,3,28,17,2018-19,MEM,Away
2019-03-29,L,42,13,25,0.52,11,19,0.579,0,0,0.0,0,3,3,5,2,0,2,2,37,6,2018-19,MIN,Away
2019-03-31,W,27,8,14,0.571,5,8,0.625,4,4,1.0,0,5,5,6,2,1,1,0,25,37,2018-19,CHA,Home
2019-04-02,W,30,6,11,0.545,5,10,0.5,0,0,0.0,0,4,4,5,3,0,4,4,17,25,2018-19,DEN,Home
2019-04-04,W,29,3,14,0.214,1,9,0.111,0,0,0.0,1,9,10,7,1,0,2,1,7,32,2018-19,LAL,Away
2019-04-05,W,36,12,21,0.571,9,12,0.75,7,7,1.0,1,5,6,7,0,1,4,1,40,5,2018-19,CLE,Home
2019-04-07,W,30,11,20,0.55,3,10,0.3,2,2,1.0,0,5,5,4,1,1,0,3,27,35,2018-19,LAC,Home
2019-04-09,W,9,2,4,0.5,1,2,0.5,0,0,0.0,0,1,1,1,0,0,2,0,5,1,2018-19,NOP,Away
2019-10-24,L,30,8,20,0.4,2,11,0.182,5,5,1.0,1,3,4,4,1,0,8,3,23,-19,2019-20,LAC,Home
2019-10-27,L,30,7,18,0.389,2,9,0.222,7,7,1.0,2,6,8,5,0,0,2,0,23,-30,2019-20,OKC,Away
2019-10-28,W,31,9,17,0.529,4,10,0.4,4,4,1.0,1,2,3,11,3,0,1,5,26,32,2019-20,NOP,Away
2019-10-30,L,21,3,11,0.273,1,7,0.143,2,2,1.0,0,5,5,6,1,2,4,2,9,-15,2019-20,PHX,Home
2020-03-05,L,27,6,16,0.375,3,12,0.25,8,8,1.0,0,6,6,7,0,0,1,1,23,-13,2019-20,TOR,Home
2020-12-22,L,30,7,21,0.333,2,10,0.2,4,4,1.0,3,1,4,10,2,0,3,1,20,-23,2020-21,BKN,Away
2020-12-25,L,29,6,17,0.353,2,10,0.2,5,5,1.0,0,4,4,6,1,0,2,2,19,-24,2020-21,MIL,Away
2020-12-27,W,36,11,25,0.44,5,15,0.333,9,9,1.0,0,2,2,6,2,2,4,1,36,3,2020-21,CHI,Away
2020-12-29,W,35,9,17,0.529,5,9,0.556,8,8,1.0,0,5,5,6,2,0,8,5,31,3,2020-21,DET,Away
2021-01-01,L,34,9,20,0.45,4,12,0.333,4,4,1.0,0,8,8,5,0,0,1,1,26,-27,2020-21,POR,Home
2021-01-03,W,36,18,31,0.581,8,16,0.5,18,19,0.947,1,4,5,4,0,0,5,0,62,20,2020-21,POR,Home
2021-01-04,W,31,9,18,0.5,5,12,0.417,7,7,1.0,0,9,9,8,0,0,2,3,30,26,2020-21,SAC,Home
2021-01-06,L,35,5,17,0.294,1,6,0.167,2,4,0.5,1,3,4,5,1,0,0,3,13,-10,2020-21,LAC,Home
2021-01-08,W,36,13,24,0.542,9,14,0.643,3,3,1.0,0,2,2,11,3,0,2,3,38,13,2020-21,LAC,Home
2021-01-10,W,38,2,16,0.125,1,10,0.1,6,6,1.0,3,6,9,6,0,0,5,3,11,7,2020-21,TOR,Home
2021-01-12,L,36,7,17,0.412,3,8,0.375,3,5,0.6,1,3,4,3,2,0,2,3,20,-2,2020-21,IND,Home
2021-01-14,L,37,14,23,0.609,5,11,0.455,2,2,1.0,0,11,11,4,2,0,7,2,35,-21,2020-21,DEN,Away
2021-01-18,W,36,8,22,0.364,3,12,0.25,7,7,1.0,0,1,1,7,1,0,4,2,26,-3,2020-21,LAL,Away
2021-01-20,W,31,10,17,0.588,4,8,0.5,2,2,1.0,1,10,11,7,1,0,4,2,26,30,2020-21,SAS,Home
2021-01-21,L,35,9,19,0.474,5,14,0.357,7,8,0.875,0,3,3,4,2,0,4,3,30,-16,2020-21,NYK,Home
2021-01-23,L,27,9,18,0.5,5,10,0.5,1,2,0.5,0,7,7,7,0,0,1,2,24,-24,2020-21,UTA,Away
2021-01-25,W,34,11,21,0.524,7,12,0.583,7,8,0.875,1,3,4,3,3,0,3,2,36,19,2020-21,MIN,Home
2021-01-27,W,33,6,17,0.353,4,11,0.364,0,0,0.0,0,6,6,8,0,0,2,2,16,28,2020-21,MIN,Home
2021-01-28,L,31,10,20,0.5,5,10,0.5,2,2,1.0,1,3,4,4,0,0,4,2,27,-23,2020-21,PHX,Away
2021-01-30,W,30,11,17,0.647,6,8,0.75,0,0,0.0,0,5,5,7,2,0,6,1,28,26,2020-21,DET,Home
2021-02-02,L,38,12,21,0.571,7,14,0.5,7,7,1.0,0,11,11,8,3,0,3,0,38,4,2020-21,BOS,Home
2021-02-04,W,30,9,17,0.529,4,10,0.4,6,6,1.0,0,3,3,6,0,0,2,2,28,19,2020-21,DAL,Away
2021-02-06,L,37,19,31,0.613,11,19,0.579,8,8,1.0,0,2,2,5,1,0,3,3,57,7,2020-21,DAL,Away
2021-02-08,L,36,10,17,0.588,6,11,0.545,6,6,1.0,0,7,7,6,1,0,1,1,32,3,2020-21,SAS,Away
2021-02-09,W,32,11,20,0.55,4,10,0.4,6,8,0.75,0,4,4,2,0,0,1,1,32,15,2020-21,SAS,Away
2021-02-11,W,37,14,26,0.538,10,19,0.526,2,2,1.0,0,8,8,5,4,0,6,1,40,16,2020-21,ORL,Home
2021-02-13,L,34,10,17,0.588,2,9,0.222,5,5,1.0,0,3,3,5,0,0,4,2,27,-26,2020-21,BKN,Home
2021-02-15,W,30,13,19,0.684,7,11,0.636,3,3,1.0,0,2,2,6,0,0,1,0,36,20,2020-21,CLE,Home
2021-02-17,W,42,8,25,0.32,5,20,0.25,4,4,1.0,1,6,7,11,2,0,3,1,25,8,2020-21,MIA,Home
2021-02-19,L,37,11,29,0.379,6,16,0.375,1,1,1.0,2,5,7,11,0,0,1,3,29,-7,2020-21,ORL,Away
2021-02-23,W,37,9,22,0.409,7,14,0.5,12,12,1.0,0,6,6,6,2,0,2,1,37,19,2020-21,NYK,Away
2021-02-24,W,36,7,21,0.333,1,11,0.091,9,10,0.9,1,7,8,8,2,0,4,2,24,7,2020-21,IND,Away
2021-02-26,W,36,8,15,0.533,3,8,0.375,10,10,1.0,0,4,4,9,1,0,4,1,29,23,2020-21,CHA,Home
2021-02-28,L,26,5,13,0.385,2,7,0.286,4,5,0.8,0,4,4,7,3,0,3,2,16,-24,2020-21,LAL,Away
2021-03-03,L,36,13,28,0.464,5,14,0.357,4,5,0.8,1,6,7,5,3,0,4,1,35,-6,2020-21,POR,Away
2021-03-11,L,27,6,16,0.375,1,8,0.125,1,2,0.5,0,4,4,3,2,1,2,1,14,-19,2020-21,LAC,Away
2021-03-14,W,36,10,20,0.5,6,9,0.667,6,7,0.857,1,4,5,9,1,0,3,3,32,19,2020-21,UTA,Home
2021-03-15,L,29,9,17,0.529,4,7,0.571,5,5,1.0,0,3,3,2,3,0,2,1,27,-12,2020-21,LAL,Home
2021-03-17,W,30,7,18,0.389,2,11,0.182,2,2,1.0,0,5,5,8,1,0,2,3,18,10,2020-21,HOU,Away
2021-03-29,W,30,11,24,0.458,6,14,0.429,4,5,0.8,1,4,5,6,1,0,1,0,32,16,2020-21,CHI,Home
2021-04-01,L,36,9,19,0.474,5,11,0.455,13,13,1.0,2,9,11,3,0,0,3,2,36,2,2020-21,MIA,Away
2021-04-04,L,37,12,23,0.522,3,12,0.25,10,12,0.833,1,4,5,2,2,1,8,0,37,8,2020-21,ATL,Away
2021-04-06,W,38,14,21,0.667,5,10,0.5,8,9,0.889,2,4,6,4,0,0,4,2,41,3,2020-21,MIL,Home
2021-04-09,L,35,11,25,0.44,5,12,0.417,5,6,0.833,0,6,6,5,3,0,2,0,32,-16,2020-21,WAS,Home
2021-04-10,W,35,13,21,0.619,8,15,0.533,4,4,1.0,0,8,8,5,1,0,5,3,38,7,2020-21,HOU,Home
2021-04-12,W,36,14,24,0.583,10,18,0.556,15,16,0.938,0,6,6,4,0,0,5,3,53,16,2020-21,DEN,Home
2021-04-14,W,29,14,20,0.7,11,16,0.688,3,3,1.0,0,6,6,8,0,0,0,3,42,31,2020-21,OKC,Away
2021-04-15,W,35,12,25,0.48,4,13,0.308,5,5,1.0,0,4,4,5,0,2,4,3,33,5,2020-21,CLE,Away
2021-04-17,L,37,15,27,0.556,11,19,0.579,6,8,0.75,0,7,7,3,0,0,5,2,47,-7,2020-21,BOS,Away
2021-04-19,W,37,14,28,0.5,10,17,0.588,11,12,0.917,0,3,3,5,0,0,6,2,49,11,2020-21,PHI,Away
2021-04-21,L,36,7,25,0.28,2,14,0.143,2,2,1.0,0,7,7,8,1,0,6,2,18,-21,2020-21,WAS,Away
2021-04-23,W,34,11,18,0.611,4,9,0.444,6,6,1.0,0,8,8,3,0,0,3,3,32,27,2020-21,DEN,Home
2021-04-25,W,38,11,21,0.524,7,14,0.5,8,11,0.727,0,7,7,4,1,1,7,1,37,7,2020-21,SAC,Home
2021-04-27,L,30,9,18,0.5,5,9,0.556,4,4,1.0,0,1,1,2,2,0,2,1,27,-27,2020-21,DAL,Home
2021-04-29,L,37,11,27,0.407,6,17,0.353,9,9,1.0,1,5,6,8,2,0,3,4,37,-10,2020-21,MIN,Away
2021-05-01,W,30,9,23,0.391,7,17,0.412,5,7,0.714,0,5,5,5,1,0,4,0,30,25,2020-21,HOU,Away
2021-05-03,W,35,14,26,0.538,8,18,0.444,5,6,0.833,0,4,4,8,1,0,4,5,41,19,2020-21,NOP,Away
2021-05-04,L,37,13,31,0.419,8,20,0.4,3,3,1.0,2,7,9,2,3,0,4,2,37,-9,2020-21,NOP,Away
2021-05-06,W,31,11,21,0.524,6,13,0.462,6,7,0.857,0,4,4,7,1,0,3,2,34,24,2020-21,OKC,Home
2021-05-08,W,29,14,26,0.538,11,21,0.524,10,10,1.0,0,5,5,2,1,0,1,2,49,31,2020-21,OKC,Home
2021-05-10,W,37,11,25,0.44,3,13,0.231,11,12,0.917,1,3,4,6,2,0,3,1,36,4,2020-21,UTA,Home
2021-05-11,W,37,7,22,0.318,1,11,0.091,6,6,1.0,0,3,3,6,1,0,3,2,21,6,2020-21,PHX,Home
2021-05-16,W,40,16,36,0.444,9,22,0.409,5,6,0.833,1,6,7,9,1,1,7,2,46,14,2020-21,MEM,Home
2021-10-19,W,36,5,21,0.238,2,8,0.25,9,9,1.0,1,9,10,10,3,0,4,1,21,4,2021-22,LAL,Away
2021-10-21,W,38,16,25,0.64,8,13,0.615,5,5,1.0,0,10,10,1,1,1,6,2,45,-2,2021-22,LAC,Home
2021-10-24,W,35,9,23,0.391,4,15,0.267,5,6,0.833,1,6,7,10,3,0,3,1,27,14,2021-22,SAC,Away
2021-10-26,W,32,6,14,0.429,4,9,0.444,7,7,1.0,1,5,6,4,0,1,4,1,23,15,2021-22,OKC,Away
2021-10-28,L,41,11,29,0.379,7,20,0.35,7,7,1.0,1,6,7,8,1,0,5,2,36,12,2021-22,MEM,Home
2021-10-30,W,27,7,16,0.438,6,15,0.4,0,0,0.0,0,5,5,6,1,1,2,1,20,17,2021-22,OKC,Home
2021-11-03,W,35,6,15,0.4,3,11,0.273,0,0,0.0,1,7,8,9,1,1,4,3,15,-1,2021-22,CHA,Home
2021-11-05,W,30,5,16,0.313,5,13,0.385,4,4,1.0,0,3,3,6,0,2,1,1,19,17,2021-22,NOP,Home
2021-11-07,W,27,8,16,0.5,4,11,0.364,0,0,0.0,2,1,3,2,3,0,0,3,20,16,2021-22,HOU,Home
2021-11-08,W,35,14,28,0.5,9,19,0.474,13,13,1.0,2,5,7,10,4,1,2,0,50,31,2021-22,ATL,Home
2021-11-10,W,34,8,16,0.5,3,9,0.333,6,8,0.75,0,5,5,6,1,0,3,2,25,11,2021-22,MIN,Home
2021-11-12,W,34,15,24,0.625,9,17,0.529,1,1,1.0,0,4,4,5,1,1,6,1,40,31,2021-22,CHI,Home
2021-11-14,L,36,7,22,0.318,3,13,0.231,7,7,1.0,1,5,6,10,3,1,3,2,24,14,2021-22,CHA,Away
2021-11-16,W,29,12,19,0.632,9,14,0.643,4,4,1.0,0,7,7,5,2,1,2,4,37,16,2021-22,BKN,Away
2021-11-18,W,35,15,27,0.556,9,16,0.563,1,1,1.0,0,4,4,6,2,0,3,4,40,10,2021-22,CLE,Away
2021-11-21,W,37,2,10,0.2,1,6,0.167,7,7,1.0,0,2,2,8,1,0,4,1,12,19,2021-22,TOR,Home
2021-11-24,W,35,9,16,0.563,6,11,0.545,1,2,0.5,0,4,4,10,1,0,4,1,25,29,2021-22,PHI,Home
2021-11-26,W,38,12,25,0.48,6,15,0.4,2,3,0.667,0,7,7,8,1,0,3,2,32,18,2021-22,POR,Home
2021-11-28,W,35,12,22,0.545,7,13,0.538,2,2,1.0,0,5,5,6,6,0,3,4,33,14,2021-22,LAC,Away
2021-11-30,L,36,4,21,0.19,3,14,0.214,1,1,1.0,1,2,3,2,1,1,2,0,12,-17,2021-22,PHX,Away
2021-12-03,W,33,8,20,0.4,6,11,0.545,1,2,0.5,2,3,5,5,0,0,3,2,23,10,2021-22,PHX,Home
2021-12-04,L,37,7,28,0.25,5,17,0.294,8,9,0.889,1,7,8,5,3,0,1,1,27,3,2021-22,SAS,Home
2021-12-06,W,31,8,16,0.5,7,13,0.538,8,8,1.0,0,3,3,8,2,0,3,2,31,9,2021-22,ORL,Home
2021-12-08,W,33,8,19,0.421,6,17,0.353,0,0,0.0,2,0,2,2,1,0,4,3,22,16,2021-22,POR,Home
2021-12-11,L,36,6,20,0.3,3,14,0.214,3,4,0.75,2,7,9,5,0,0,3,1,18,-9,2021-22,PHI,Away
2021-12-13,W,35,8,20,0.4,5,15,0.333,5,5,1.0,1,5,6,6,1,1,7,1,26,17,2021-22,IND,Away
2021-12-14,W,35,8,19,0.421,5,14,0.357,1,2,0.5,0,3,3,3,1,1,4,4,22,13,2021-22,NYK,Away
2021-12-17,W,35,8,21,0.381,5,14,0.357,9,9,1.0,1,4,5,4,1,0,6,6,30,-10,2021-22,BOS,Away
2021-12-20,W,36,13,27,0.481,4,12,0.333,0,1,0.0,0,3,3,4,0,2,4,1,30,16,2021-22,SAC,Home
2021-12-23,W,37,13,22,0.591,8,14,0.571,12,12,1.0,0,4,4,4,2,0,3,1,46,15,2021-22,MEM,Home
2021-12-25,W,37,10,27,0.37,5,16,0.313,8,9,0.889,0,4,4,6,3,1,1,3,33,24,2021-22,PHX,Away
2021-12-28,L,39,6,16,0.375,5,14,0.357,6,7,0.857,0,4,4,4,0,0,6,3,23,5,2021-22,DEN,Home
2022-01-01,W,36,8,18,0.444,6,12,0.5,6,7,0.857,0,6,6,9,0,1,3,3,28,4,2021-22,UTA,Away
2022-01-03,W,32,3,17,0.176,1,10,0.1,2,2,1.0,0,3,3,10,0,1,2,3,9,0,2021-22,MIA,Home
2022-01-05,L,36,5,24,0.208,1,9,0.111,3,4,0.75,0,9,9,5,0,1,5,2,14,0,2021-22,DAL,Away
2022-01-09,W,37,10,21,0.476,4,11,0.364,4,4,1.0,3,2,5,5,1,0,5,3,28,23,2021-22,CLE,Home
2022-01-11,L,39,8,21,0.381,2,9,0.222,9,10,0.9,1,9,10,10,2,0,3,3,27,-1,2021-22,MEM,Away
2022-01-13,L,29,4,11,0.364,2,6,0.333,2,2,1.0,0,8,8,4,2,0,4,0,12,-25,2021-22,MIL,Away
2022-01-14,W,28,7,15,0.467,4,10,0.4,1,2,0.5,0,2,2,2,1,0,1,0,19,24,2021-22,CHI,Away
2022-01-18,W,29,6,11,0.545,4,8,0.5,2,2,1.0,0,3,3,8,3,0,1,1,18,21,2021-22,DET,Home
2022-01-20,L,44,12,27,0.444,6,16,0.375,9,9,1.0,0,5,5,8,1,0,2,3,39,-4,2021-22,IND,Home
2022-01-21,W,39,6,21,0.286,4,13,0.308,6,8,0.75,0,4,4,12,1,1,2,3,22,2,2021-22,HOU,Home
2022-01-23,W,35,5,20,0.25,1,13,0.077,2,2,1.0,2,2,4,6,0,0,1,0,13,-5,2021-22,UTA,Home
2022-01-25,W,29,7,16,0.438,2,10,0.2,2,3,0.667,2,7,9,7,1,0,4,3,18,23,2021-22,DAL,Home
2022-01-27,W,38,10,20,0.5,6,10,0.6,3,3,1.0,0,8,8,6,3,0,4,1,29,13,2021-22,MIN,Home
2022-01-29,W,36,5,18,0.278,3,10,0.3,6,6,1.0,2,5,7,8,3,0,5,5,19,-3,2021-22,BKN,Home
2022-01-31,W,38,13,23,0.565,7,14,0.5,7,8,0.875,0,5,5,9,1,1,1,0,40,18,2021-22,HOU,Away
2022-02-03,W,32,7,11,0.636,4,7,0.571,2,2,1.0,0,1,1,7,2,0,4,4,20,21,2021-22,SAC,Home
2022-02-07,W,37,6,12,0.5,4,10,0.4,2,2,1.0,0,9,9,10,1,0,4,2,18,4,2021-22,OKC,Away
2022-02-09,L,30,5,13,0.385,3,8,0.375,3,4,0.75,1,6,7,2,0,0,4,2,16,-14,2021-22,UTA,Away
2022-02-10,L,39,11,25,0.44,5,16,0.313,8,8,1.0,0,2,2,10,1,0,3,5,35,9,2021-22,NYK,Home
2022-02-12,W,37,7,17,0.412,1,8,0.125,9,9,1.0,0,5,5,8,1,0,2,3,24,8,2021-22,LAL,Home
2022-02-14,L,34,11,18,0.611,8,13,0.615,3,3,1.0,0,2,2,2,0,0,4,2,33,-19,2021-22,LAC,Away
2022-02-16,L,39,10,19,0.526,1,7,0.143,4,4,1.0,0,3,3,6,0,0,2,2,25,-2,2021-22,DEN,Home
2022-02-24,W,27,5,11,0.455,2,7,0.286,6,6,1.0,0,5,5,14,1,1,3,3,18,19,2021-22,POR,Away
2022-02-27,L,38,11,25,0.44,3,10,0.3,2,4,0.5,1,3,4,10,2,0,1,0,27,-4,2021-22,DAL,Home
2022-03-01,L,33,10,24,0.417,5,16,0.313,9,9,1.0,1,4,5,4,0,0,4,1,34,-10,2021-22,MIN,Away
2022-03-03,L,40,8,15,0.533,4,5,0.8,1,1,1.0,0,5,5,9,1,0,3,3,21,-8,2021-22,DAL,Away
2022-03-05,L,36,13,22,0.591,4,9,0.444,0,0,0.0,0,4,4,1,0,0,4,0,30,-12,2021-22,LAL,Away
2022-03-08,W,35,5,12,0.417,1,6,0.167,4,4,1.0,0,5,5,5,3,0,4,4,15,6,2021-22,LAC,Home
2022-03-10,W,38,11,21,0.524,5,12,0.417,7,7,1.0,0,9,9,3,2,0,2,1,34,18,2021-22,DEN,Away
2022-03-12,W,33,3,7,0.429,2,4,0.5,0,0,0.0,1,4,5,8,1,1,4,1,8,14,2021-22,MIL,Home
2022-03-14,W,35,16,25,0.64,7,14,0.5,8,8,1.0,0,6,6,6,1,0,2,1,47,17,2021-22,WAS,Home
2022-03-16,L,14,1,4,0.25,1,4,0.25,0,0,0.0,0,1,1,2,0,0,4,2,3,-5,2021-22,BOS,Home
2022-10-18,W,33,10,22,0.455,4,13,0.308,9,9,1.0,1,5,6,7,4,1,4,1,33,20,2022-23,LAL,Home
2022-10-21,L,36,10,22,0.455,5,11,0.455,9,9,1.0,1,4,5,4,0,0,3,2,34,9,2022-23,DEN,Home
2022-10-23,W,31,11,22,0.5,7,12,0.583,4,4,1.0,0,5,5,2,1,0,2,3,33,19,2022-23,SAC,Home
2022-10-25,L,30,7,17,0.412,4,9,0.444,3,5,0.6,0,7,7,8,1,0,1,1,21,-17,2022-23,PHX,Away
2022-10-27,W,37,13,22,0.591,7,14,0.5,0,0,0.0,1,6,7,9,1,0,3,0,33,13,2022-23,MIA,Home
2022-10-29,L,39,10,22,0.455,3,13,0.231,8,8,1.0,0,11,11,6,1,0,2,5,31,-6,2022-23,CHA,Away
2022-10-30,L,35,10,24,0.417,4,14,0.286,8,9,0.889,0,6,6,3,2,0,1,1,32,-12,2022-23,DET,Away
2022-11-01,L,34,7,14,0.5,4,10,0.4,5,5,1.0,4,9,13,13,1,0,5,3,23,3,2022-23,MIA,Away
2022-11-03,L,38,13,22,0.591,8,15,0.533,5,5,1.0,1,2,3,9,0,0,5,3,39,4,2022-23,ORL,Away
2022-11-07,W,38,17,24,0.708,7,12,0.583,6,7,0.857,0,8,8,8,0,0,0,2,47,20,2022-23,SAC,Home
2022-11-11,W,34,15,23,0.652,6,11,0.545,4,6,0.667,0,4,4,5,1,0,2,4,40,7,2022-23,CLE,Home
2022-11-13,L,37,9,17,0.529,3,9,0.333,6,6,1.0,0,6,6,4,1,0,4,0,27,0,2022-23,SAC,Away
2022-11-14,W,27,5,11,0.455,3,7,0.429,3,3,1.0,1,4,5,5,1,0,1,1,16,17,2022-23,SAS,Home
2022-11-16,L,36,17,28,0.607,7,11,0.636,9,9,1.0,0,9,9,6,0,1,3,2,50,-14,2022-23,PHX,Away
2022-11-18,W,34,9,19,0.474,5,13,0.385,1,3,0.333,0,6,6,10,2,0,5,2,24,18,2022-23,NYK,Home
2022-11-20,W,37,11,20,0.55,7,14,0.5,4,5,0.8,0,6,6,15,3,2,1,3,33,22,2022-23,HOU,Away
2022-11-23,W,32,9,20,0.45,4,10,0.4,0,0,0.0,1,5,6,9,0,0,1,0,22,18,2022-23,LAC,Home
2022-11-25,W,36,13,23,0.565,6,13,0.462,1,1,1.0,0,5,5,4,2,0,5,4,33,19,2022-23,UTA,Home
2022-11-27,W,33,7,17,0.412,4,11,0.364,7,7,1.0,1,10,11,8,1,0,7,1,25,22,2022-23,MIN,Away
2022-11-29,L,38,11,24,0.458,5,14,0.357,5,6,0.833,1,4,5,5,0,0,4,4,32,-12,2022-23,DAL,Away
2022-12-02,W,33,6,16,0.375,4,8,0.5,3,3,1.0,0,11,11,6,0,1,6,5,19,-1,2022-23,CHI,Home
2022-12-03,W,35,10,21,0.476,8,17,0.471,2,3,0.667,0,3,3,10,1,1,4,0,30,19,2022-23,HOU,Home
2022-12-05,L,38,3,17,0.176,2,10,0.2,4,4,1.0,0,4,4,6,1,0,3,2,12,-17,2022-23,IND,Home
2022-12-10,W,37,12,21,0.571,6,11,0.545,2,2,1.0,1,5,6,7,0,1,4,3,32,20,2022-23,BOS,Home
2022-12-13,L,27,6,17,0.353,3,10,0.3,5,5,1.0,2,4,6,1,1,1,2,0,20,-20,2022-23,MIL,Away
2022-12-14,L,30,11,19,0.579,5,10,0.5,11,11,1.0,1,6,7,7,2,1,3,2,38,-6,2022-23,IND,Away
2023-01-10,L,31,8,22,0.364,5,15,0.333,3,4,0.75,1,0,1,3,1,0,1,4,24,-19,2022-23,PHX,Home
2023-01-13,W,23,6,12,0.5,2,7,0.286,1,1,1.0,0,4,4,3,0,1,0,3,15,12,2022-23,SAS,Away
2023-01-15,L,34,8,15,0.533,3,10,0.3,1,2,0.5,0,10,10,4,0,1,8,2,20,-9,2022-23,CHI,Away
2023-01-16,W,38,12,28,0.429,6,15,0.4,11,12,0.917,1,6,7,2,0,0,4,1,41,14,2022-23,WAS,Away
2023-01-19,L,43,9,25,0.36,6,18,0.333,5,5,1.0,0,4,4,7,3,2,3,1,29,9,2022-23,BOS,Away
2023-01-22,L,38,7,16,0.438,4,8,0.5,8,8,1.0,1,5,6,7,1,0,5,2,26,-8,2022-23,BKN,Home
2023-01-25,W,35,10,19,0.526,4,8,0.5,10,11,0.909,0,2,2,3,2,0,3,3,34,-3,2022-23,MEM,Home
2023-01-27,W,39,13,21,0.619,4,8,0.5,5,5,1.0,0,7,7,11,2,0,3,1,35,13,2022-23,TOR,Home
2023-01-30,W,37,12,20,0.6,8,14,0.571,6,6,1.0,1,7,8,12,0,1,4,0,38,17,2022-23,OKC,Away
2023-02-01,L,42,8,21,0.381,5,12,0.417,8,9,0.889,0,10,10,3,1,1,4,5,29,-5,2022-23,MIN,Away
2023-02-02,L,33,10,17,0.588,5,10,0.5,3,3,1.0,2,3,5,5,0,0,6,4,28,-16,2022-23,DEN,Away
2023-02-04,W,26,7,11,0.636,2,6,0.333,5,5,1.0,0,6,6,7,0,0,0,2,21,14,2022-23,DAL,Home
2023-03-05,L,32,8,20,0.4,5,13,0.385,6,6,1.0,0,2,2,6,1,0,2,3,27,-12,2022-23,LAL,Away
2023-03-07,L,35,14,23,0.609,10,16,0.625,2,2,1.0,1,5,6,7,0,0,6,4,40,-2,2022-23,OKC,Away
2023-03-09,L,34,10,19,0.526,4,8,0.5,5,6,0.833,3,4,7,4,1,0,4,3,29,2,2022-23,MEM,Away
2023-03-11,W,43,13,27,0.481,6,15,0.4,4,4,1.0,1,5,6,4,2,1,5,1,36,10,2022-23,MIL,Home
2023-03-13,W,33,7,13,0.538,4,6,0.667,5,6,0.833,2,5,7,5,0,0,5,4,23,14,2022-23,PHX,Home
2023-03-15,L,39,20,28,0.714,8,14,0.571,2,4,0.5,0,2,2,6,2,0,2,1,50,-11,2022-23,LAC,Away
2023-03-17,L,37,12,27,0.444,4,13,0.308,3,3,1.0,2,4,6,5,0,0,6,2,31,-1,2022-23,ATL,Away
2023-03-18,L,30,5,15,0.333,3,8,0.375,3,4,0.75,1,7,8,5,0,0,1,1,16,-10,2022-23,MEM,Away
2023-03-20,W,36,10,23,0.435,5,15,0.333,5,5,1.0,1,6,7,5,2,1,4,3,30,5,2022-23,HOU,Away
2023-03-22,W,35,9,18,0.5,2,8,0.25,0,0,0.0,1,4,5,13,0,0,3,2,20,10,2022-23,DAL,Away
2023-03-24,W,38,10,18,0.556,2,7,0.286,7,8,0.875,0,8,8,3,0,0,2,2,29,20,2022-23,PHI,Home
2023-03-26,L,36,8,23,0.348,4,13,0.308,0,0,0.0,0,6,6,9,1,0,3,3,20,2,2022-23,MIN,Home
2023-03-28,W,37,14,25,0.56,8,15,0.533,3,4,0.75,2,6,8,8,3,0,4,0,39,12,2022-23,NOP,Home
2023-03-31,W,33,11,21,0.524,7,11,0.636,4,4,1.0,1,1,2,5,0,0,1,1,33,-3,2022-23,SAS,Home
2023-04-02,L,37,8,28,0.286,2,14,0.143,3,3,1.0,1,2,3,4,0,2,3,1,21,-5,2022-23,DEN,Away
2023-04-04,W,37,11,25,0.44,6,13,0.462,6,6,1.0,0,5,5,6,1,0,0,3,34,14,2022-23,OKC,Home
2023-04-07,W,33,8,14,0.571,3,7,0.429,6,7,0.857,1,6,7,6,2,1,5,1,25,33,2022-23,SAC,Away
2023-04-09,W,22,9,15,0.6,5,10,0.5,3,3,1.0,0,5,5,7,0,0,1,0,26,26,2022-23,POR,Away
2023-10-24,L,31,8,20,0.4,4,14,0.286,7,7,1.0,1,4,5,1,1,0,2,5,27,-9,2023-24,PHX,Home
2023-10-27,W,35,14,19,0.737,7,10,0.7,6,6,1.0,1,3,4,4,2,0,4,0,41,10,2023-24,SAC,Away
2023-10-29,W,31,6,16,0.375,6,14,0.429,6,6,1.0,1,6,7,6,0,1,1,1,24,-2,2023-24,HOU,Away
2023-10-30,W,30,15,22,0.682,7,13,0.538,5,7,0.714,0,5,5,5,2,0,3,1,42,13,2023-24,NOP,Away
2023-11-01,W,32,7,15,0.467,4,10,0.4,3,3,1.0,1,4,5,3,0,0,7,3,21,-6,2023-24,SAC,Home
2023-11-03,W,31,9,15,0.6,5,10,0.5,7,7,1.0,3,5,8,7,2,0,3,1,30,5,2023-24,OKC,Away
2023-11-05,L,31,8,16,0.5,7,11,0.636,5,6,0.833,0,2,2,4,1,0,6,0,28,-6,2023-24,CLE,Away
2023-11-06,W,33,12,26,0.462,7,17,0.412,3,4,0.75,0,2,2,4,0,0,3,1,34,17,2023-24,DET,Away
2023-11-08,L,34,6,17,0.353,6,13,0.462,5,5,1.0,1,4,5,4,1,0,3,2,23,-10,2023-24,DEN,Away
2023-11-11,L,33,9,24,0.375,4,14,0.286,8,8,1.0,1,2,3,2,1,1,4,1,30,-8,2023-24,CLE,Home
2023-11-12,L,36,11,25,0.44,5,13,0.385,11,12,0.917,1,4,5,3,1,0,5,2,38,-4,2023-24,MIN,Home
2023-11-18,L,40,8,21,0.381,5,11,0.455,4,4,1.0,0,7,7,3,0,0,2,2,25,0,2023-24,OKC,Home
2023-11-20,W,35,8,14,0.571,5,9,0.556,11,12,0.917,0,5,5,1,0,0,4,2,32,-3,2023-24,HOU,Home
2023-11-22,L,28,6,15,0.4,1,8,0.125,3,3,1.0,0,3,3,6,0,0,2,2,16,-17,2023-24,PHX,Away
2023-11-24,W,35,11,20,0.55,7,14,0.5,6,6,1.0,0,3,3,6,1,0,6,2,35,4,2023-24,SAS,Home
2023-11-28,L,37,8,20,0.4,4,12,0.333,9,9,1.0,3,7,10,6,0,1,5,5,29,7,2023-24,SAC,Away
2023-11-30,W,33,8,15,0.533,3,9,0.333,7,9,0.778,0,7,7,8,1,1,2,2,26,-4,2023-24,LAC,Home
2023-12-02,L,37,7,18,0.389,4,9,0.444,4,4,1.0,1,3,4,11,0,0,2,0,22,2,2023-24,LAC,Away
2023-12-06,W,34,8,18,0.444,5,13,0.385,10,11,0.909,0,5,5,1,0,0,4,2,31,4,2023-24,POR,Home
2023-12-08,L,40,10,20,0.5,6,12,0.5,8,8,1.0,0,6,6,3,1,0,3,0,34,-5,2023-24,OKC,Away
2023-12-12,L,32,8,24,0.333,4,15,0.267,4,4,1.0,0,5,5,4,3,0,1,2,24,-15,2023-24,PHX,Away
2023-12-14,L,34,5,17,0.294,3,13,0.231,4,4,1.0,0,4,4,4,0,0,1,3,17,-3,2023-24,LAC,Away
2023-12-16,W,35,14,22,0.636,6,8,0.75,3,3,1.0,0,3,3,1,0,3,3,1,37,7,2023-24,BKN,Home
2023-12-17,W,31,2,12,0.167,0,8,0.0,3,4,0.75,0,2,2,8,1,1,4,1,7,14,2023-24,POR,Away
2023-12-19,W,38,11,21,0.524,6,11,0.545,5,5,1.0,0,3,3,6,0,0,4,5,33,8,2023-24,BOS,Home
2023-12-22,W,27,9,18,0.5,8,13,0.615,4,5,0.8,0,4,4,7,0,1,2,0,30,-1,2023-24,WAS,Home
2023-12-23,W,30,11,18,0.611,2,7,0.286,3,3,1.0,0,3,3,2,0,0,1,1,27,4,2023-24,POR,Home
2023-12-25,L,34,7,21,0.333,3,13,0.231,1,1,1.0,1,1,2,4,1,1,3,4,18,-26,2023-24,DEN,Away
2023-12-28,L,32,3,15,0.2,2,8,0.25,5,6,0.833,0,4,4,5,2,1,1,1,13,-14,2023-24,MIA,Home
2023-12-30,L,35,9,25,0.36,6,15,0.4,1,1,1.0,0,2,2,7,1,0,3,3,25,-6,2023-24,DAL,Home
2024-01-02,W,35,12,20,0.6,4,9,0.444,8,11,0.727,1,1,2,6,4,1,2,4,36,12,2023-24,ORL,Home
2024-01-04,L,35,11,23,0.478,5,12,0.417,3,3,1.0,0,4,4,6,1,1,2,1,30,-1,2023-24,DEN,Home
2024-01-05,W,31,7,19,0.368,4,12,0.333,8,9,0.889,0,6,6,4,1,1,4,0,26,0,2023-24,DET,Home
2024-01-07,L,30,2,14,0.143,0,9,0.0,5,5,1.0,0,1,1,6,0,0,2,3,9,-17,2023-24,TOR,Home
2024-01-10,L,25,4,13,0.308,3,8,0.375,4,4,1.0,0,1,1,6,1,0,3,0,15,-4,2023-24,NOP,Home
2024-01-12,W,35,8,24,0.333,6,15,0.4,5,5,1.0,0,5,5,9,1,0,1,1,27,5,2023-24,CHI,Away
2024-01-15,L,33,11,20,0.55,3,9,0.333,1,1,1.0,1,3,4,8,2,1,5,4,26,-2,2023-24,MEM,Away
2024-01-24,W,31,7,16,0.438,5,8,0.625,6,6,1.0,0,3,3,8,0,0,1,3,25,9,2023-24,ATL,Home
2024-01-25,L,36,13,26,0.5,6,14,0.429,1,1,1.0,1,5,6,2,1,0,2,0,33,-8,2023-24,SAC,Home
2024-01-27,L,43,17,35,0.486,9,21,0.429,3,3,1.0,0,3,3,7,1,0,4,4,46,-2,2023-24,LAL,Home
2024-01-30,W,35,12,17,0.706,8,13,0.615,5,5,1.0,1,7,8,7,0,1,5,2,37,26,2023-24,PHI,Home
2024-02-02,W,32,6,16,0.375,4,9,0.444,4,4,1.0,0,6,6,6,1,0,3,1,20,12,2023-24,MEM,Away
2024-02-03,L,41,22,38,0.579,10,23,0.435,6,6,1.0,1,5,6,4,0,1,2,1,60,-1,2023-24,ATL,Away
2024-02-05,W,34,12,24,0.5,4,11,0.364,1,1,1.0,1,4,5,3,0,0,4,2,29,6,2023-24,BKN,Away
2024-02-07,W,25,2,7,0.286,1,4,0.25,4,4,1.0,0,3,3,1,0,1,4,2,9,13,2023-24,PHI,Away
2024-02-08,W,30,15,22,0.682,11,16,0.688,1,2,0.5,0,2,2,2,0,1,2,2,42,13,2023-24,IND,Away
2024-02-10,W,34,10,22,0.455,9,16,0.563,1,2,0.5,1,8,9,6,1,0,3,0,30,10,2023-24,PHX,Home
2024-02-12,W,32,9,19,0.474,7,16,0.438,0,0,0.0,0,6,6,10,3,1,1,1,25,30,2023-24,UTA,Away
2024-02-14,L,35,15,31,0.484,9,19,0.474,2,2,1.0,1,3,4,5,0,0,4,3,41,-6,2023-24,LAC,Home
2024-02-15,W,35,4,14,0.286,2,8,0.25,6,8,0.75,1,1,2,10,1,0,4,2,16,-2,2023-24,UTA,Away
2024-02-22,W,32,12,24,0.5,6,13,0.462,2,2,1.0,0,1,1,8,3,0,1,1,32,25,2023-24,LAL,Home
2024-02-23,W,31,5,14,0.357,3,11,0.273,2,2,1.0,0,2,2,5,1,0,4,1,15,10,2023-24,CHA,Home
2024-02-25,L,32,6,19,0.316,1,10,0.1,7,8,0.875,0,1,1,4,0,0,3,2,20,-22,2023-24,DEN,Home
2024-02-27,W,30,6,21,0.286,4,16,0.25,2,2,1.0,0,5,5,6,1,1,3,1,18,1,2023-24,WAS,Away
2024-02-29,W,32,11,26,0.423,8,18,0.444,1,1,1.0,2,9,11,1,1,0,3,0,31,20,2023-24,NYK,Away
2024-03-01,W,30,9,22,0.409,7,15,0.467,0,0,0.0,2,4,6,6,0,0,4,2,25,12,2023-24,TOR,Away
2024-03-03,L,17,2,13,0.154,0,9,0.0,0,0,0.0,0,1,1,3,0,0,2,0,4,-29,2023-24,BOS,Away
2024-03-06,W,31,10,18,0.556,6,10,0.6,3,4,0.75,2,6,8,5,0,0,2,1,29,15,2023-24,MIL,Home
2024-03-07,L,29,5,18,0.278,3,12,0.25,2,2,1.0,0,3,3,1,0,0,2,1,15,9,2023-24,CHI,Home
2024-03-16,W,34,12,24,0.5,3,10,0.3,4,5,0.8,1,5,6,5,2,0,1,0,31,4,2023-24,LAL,Away
2024-03-18,L,33,8,20,0.4,4,13,0.308,7,7,1.0,0,5,5,5,0,0,2,1,27,-9,2023-24,NYK,Home
2024-03-20,W,24,5,9,0.556,4,7,0.571,0,0,0.0,1,1,2,3,0,1,2,1,14,17,2023-24,MEM,Home
2024-03-22,L,35,9,24,0.375,6,18,0.333,1,1,1.0,3,8,11,5,0,0,1,0,25,-13,2023-24,IND,Home
2024-03-24,L,30,9,21,0.429,5,11,0.455,8,8,1.0,0,4,4,3,0,0,2,1,31,6,2023-24,MIN,Away
2024-03-26,W,31,7,15,0.467,3,10,0.3,0,0,0.0,1,1,2,6,0,0,1,1,17,19,2023-24,MIA,Away
2024-03-27,W,35,6,18,0.333,3,8,0.375,2,2,1.0,0,4,4,10,0,0,2,2,17,18,2023-24,ORL,Away
2024-03-29,W,32,9,18,0.5,4,11,0.364,1,1,1.0,0,1,1,4,1,0,0,1,23,13,2023-24,CHA,Away
2024-03-31,W,33,12,23,0.522,7,15,0.467,2,2,1.0,0,1,1,8,0,0,4,1,33,12,2023-24,SAS,Away
2024-04-02,W,32,5,18,0.278,3,5,0.6,0,0,0.0,0,7,7,7,1,2,4,1,13,-4,2023-24,DAL,Home
2024-04-04,W,31,9,14,0.643,2,6,0.333,9,9,1.0,0,6,6,6,0,0,3,2,29,29,2023-24,HOU,Away
2024-04-05,L,35,9,23,0.391,5,14,0.357,5,6,0.833,1,5,6,5,1,0,2,2,28,-5,2023-24,DAL,Away
2024-04-09,W,32,7,9,0.778,6,6,1.0,3,4,0.75,0,7,7,8,1,2,1,2,23,13,2023-24,LAL,Away
2024-04-11,W,36,8,22,0.364,5,16,0.313,1,1,1.0,0,7,7,8,1,2,2,0,22,7,2023-24,POR,Away
2024-04-12,L,32,12,23,0.522,7,13,0.538,2,2,1.0,0,4,4,5,1,0,7,2,33,-8,2023-24,NOP,Home
2024-10-23,W,25,4,10,0.4,3,7,0.429,6,6,1.0,0,9,9,10,2,0,2,0,17,23,2024-25,POR,Away
2024-10-25,W,27,7,20,0.35,4,13,0.308,2,2,1.0,0,3,3,4,2,0,3,3,20,22,2024-25,UTA,Away
2024-10-27,L,27,6,11,0.545,4,7,0.571,2,2,1.0,0,4,4,6,2,1,6,1,18,2,2024-25,LAC,Home
2024-11-04,W,24,7,15,0.467,4,9,0.444,6,6,1.0,1,2,3,6,0,0,2,1,24,9,2024-25,WAS,Away
2024-11-06,W,34,8,17,0.471,4,9,0.444,7,7,1.0,0,7,7,9,4,1,3,2,27,7,2024-25,BOS,Away
2024-11-08,L,24,5,10,0.5,1,4,0.25,1,1,1.0,0,1,1,2,2,0,6,0,12,-25,2024-25,CLE,Away
2024-11-10,W,37,13,23,0.565,7,13,0.538,3,4,0.75,1,4,5,7,1,1,3,2,36,21,2024-25,OKC,Away
2024-11-12,W,35,14,27,0.519,5,12,0.417,4,5,0.8,0,6,6,9,1,2,4,2,37,24,2024-25,DAL,Home
2024-11-15,W,26,4,9,0.444,3,7,0.429,2,2,1.0,1,7,8,5,4,0,3,2,13,9,2024-25,MEM,Home
2024-11-18,L,32,10,21,0.476,6,15,0.4,0,0,0.0,1,6,7,6,0,1,3,1,26,-5,2024-25,LAC,Away
2024-11-20,W,30,7,10,0.7,4,6,0.667,5,5,1.0,0,4,4,8,2,1,5,0,23,27,2024-25,ATL,Home
2024-11-22,W,33,6,13,0.462,4,7,0.571,3,3,1.0,0,7,7,7,1,1,4,3,19,4,2024-25,NOP,Away
2024-11-23,L,32,5,16,0.313,3,10,0.3,1,1,1.0,2,5,7,5,0,0,3,1,14,4,2024-25,SAS,Away
2024-11-25,L,29,8,17,0.471,8,16,0.5,4,4,1.0,0,4,4,7,1,0,3,0,28,-4,2024-25,BKN,Home
2024-11-30,L,32,8,21,0.381,3,10,0.3,4,5,0.8,1,6,7,4,0,0,0,1,23,4,2024-25,PHX,Away
2024-12-03,L,34,8,23,0.348,4,15,0.267,4,4,1.0,1,6,7,11,0,0,5,0,24,5,2024-25,DEN,Away
2024-12-06,L,32,6,17,0.353,3,9,0.333,8,8,1.0,1,1,2,4,0,0,3,0,23,-3,2024-25,MIN,Home
2024-12-08,W,35,8,18,0.444,5,11,0.455,9,11,0.818,0,4,4,8,1,0,3,0,30,14,2024-25,MIN,Home
2024-12-11,L,34,8,17,0.471,3,9,0.333,0,1,0.0,1,2,3,5,2,1,1,0,19,4,2024-25,HOU,Away
2024-12-15,L,35,9,19,0.474,7,13,0.538,1,1,1.0,0,5,5,10,1,0,2,1,26,-10,2024-25,DAL,Home
2024-12-19,L,24,0,7,0.0,0,6,0.0,2,2,1.0,0,3,3,1,1,1,2,0,2,-41,2024-25,MEM,Away
2024-12-21,W,34,10,21,0.476,7,16,0.438,4,5,0.8,0,3,3,10,1,0,1,1,31,20,2024-25,MIN,Away
2024-12-23,L,35,2,13,0.154,2,9,0.222,4,4,1.0,0,5,5,7,0,3,3,1,10,6,2024-25,IND,Home
2024-12-25,L,36,14,24,0.583,8,15,0.533,2,2,1.0,0,1,1,6,0,0,4,3,38,-1,2024-25,LAL,Home
2024-12-28,W,35,9,22,0.409,4,13,0.308,0,0,0.0,2,4,6,6,1,0,5,3,22,20,2024-25,PHX,Home
2024-12-30,L,29,4,14,0.286,3,11,0.273,0,0,0.0,0,2,2,3,1,1,1,1,11,-2,2024-25,CLE,Home
2025-01-02,W,30,11,15,0.733,8,8,1.0,0,0,0.0,1,5,6,10,1,0,2,1,30,32,2024-25,PHI,Home
2025-01-05,L,30,8,12,0.667,4,8,0.5,6,6,1.0,0,7,7,0,1,0,4,3,26,-17,2024-25,SAC,Home
2025-01-07,L,33,11,22,0.5,8,17,0.471,1,1,1.0,0,7,7,0,1,2,4,2,31,-10,2024-25,MIA,Home
2025-01-09,W,36,5,21,0.238,2,14,0.143,5,5,1.0,1,8,9,6,2,0,3,0,17,-14,2024-25,DET,Away
2025-01-13,L,35,9,17,0.529,4,10,0.4,4,4,1.0,1,6,7,7,1,0,4,2,26,0,2024-25,TOR,Away
2025-01-15,W,37,10,21,0.476,7,12,0.583,4,4,1.0,1,0,1,8,1,0,1,1,31,-1,2024-25,MIN,Away
2025-01-18,W,34,10,22,0.455,4,14,0.286,2,2,1.0,1,4,5,6,1,1,1,1,26,7,2024-25,WAS,Home
2025-01-20,L,27,6,16,0.375,4,12,0.333,2,2,1.0,0,3,3,4,2,0,3,3,18,-15,2024-25,BOS,Home
2025-01-22,L,34,6,11,0.545,1,4,0.25,1,1,1.0,1,2,3,12,0,0,3,1,14,2,2024-25,SAC,Away
2025-01-23,W,31,8,19,0.421,5,12,0.417,0,0,0.0,1,3,4,7,0,0,3,0,21,4,2024-25,CHI,Home
2025-01-25,L,32,4,17,0.235,2,9,0.222,3,4,0.75,0,1,1,9,2,0,3,2,13,-17,2024-25,LAL,Home
2025-01-29,W,33,6,15,0.4,5,10,0.5,4,4,1.0,0,1,1,4,1,0,0,2,21,-2,2024-25,OKC,Home
2025-01-31,L,31,5,14,0.357,1,6,0.167,3,3,1.0,1,2,3,3,0,2,2,1,14,-18,2024-25,PHX,Home
2025-02-03,W,34,7,21,0.333,2,12,0.167,8,8,1.0,0,1,1,5,1,0,3,1,24,8,2024-25,ORL,Home
2025-02-05,L,35,12,31,0.387,6,18,0.333,2,2,1.0,0,1,1,7,0,1,3,2,32,-21,2024-25,UTA,Away
2025-02-06,L,37,13,35,0.371,6,20,0.3,5,5,1.0,2,5,7,4,1,1,4,3,37,-3,2024-25,LAL,Away
2025-02-08,W,34,10,19,0.526,8,16,0.5,6,8,0.75,2,2,4,6,0,1,4,1,34,23,2024-25,CHI,Away
2025-02-10,W,34,12,24,0.5,6,16,0.375,8,9,0.889,0,6,6,4,0,0,2,0,38,8,2024-25,MIL,Away
2025-02-12,L,37,9,23,0.391,4,13,0.308,3,4,0.75,1,4,5,8,2,0,4,3,25,4,2024-25,DAL,Away
2025-02-13,W,35,7,17,0.412,5,13,0.385,8,9,0.889,1,4,5,3,0,0,1,2,27,7,2024-25,HOU,Away
2025-02-21,W,31,7,13,0.538,4,9,0.444,2,2,1.0,0,1,1,6,2,0,1,0,20,0,2024-25,SAC,Away
2025-02-23,W,29,12,20,0.6,3,8,0.375,3,3,1.0,0,4,4,7,1,0,2,3,30,14,2024-25,DAL,Home
2025-02-25,W,24,6,14,0.429,2,9,0.222,1,1,1.0,0,4,4,6,1,0,2,2,15,26,2024-25,CHA,Home
2025-02-27,W,34,16,25,0.64,12,19,0.632,12,12,1.0,0,4,4,3,2,0,4,0,56,15,2024-25,ORL,Away
2025-03-01,L,36,10,18,0.556,5,12,0.417,4,4,1.0,1,4,5,13,1,0,3,2,29,12,2024-25,PHI,Away
2025-03-03,W,30,6,14,0.429,3,9,0.333,6,8,0.75,1,2,3,10,1,1,1,3,21,13,2024-25,CHA,Away
2025-03-04,W,33,10,21,0.476,5,9,0.556,3,3,1.0,0,7,7,9,2,0,2,0,28,23,2024-25,NYK,Away
2025-03-06,W,36,12,20,0.6,7,13,0.538,9,9,1.0,2,2,4,4,0,0,5,3,40,-16,2024-25,BKN,Away
2025-03-08,W,33,8,22,0.364,4,15,0.267,12,12,1.0,1,2,3,4,1,0,4,1,32,11,2024-25,DET,Home
2025-03-10,W,34,6,14,0.429,5,11,0.455,7,7,1.0,1,1,2,3,2,0,4,0,24,6,2024-25,POR,Home
2025-03-13,W,30,4,9,0.444,2,6,0.333,1,1,1.0,0,2,2,5,1,1,2,4,11,15,2024-25,SAC,Home
2025-03-15,W,35,8,20,0.4,4,13,0.308,8,9,0.889,0,7,7,5,0,1,3,2,28,-5,2024-25,NYK,Home
2025-03-17,L,36,6,21,0.286,4,14,0.286,4,4,1.0,0,4,4,7,3,0,7,2,20,-7,2024-25,DEN,Home
2025-03-20,W,25,6,8,0.75,2,4,0.5,3,5,0.6,0,2,2,1,0,1,3,0,17,-7,2024-25,TOR,Home
2025-03-28,W,34,7,21,0.333,5,16,0.313,4,5,0.8,0,4,4,6,3,0,1,2,23,10,2024-25,NOP,Away
2025-03-30,W,26,4,10,0.4,2,4,0.5,3,3,1.0,0,3,3,6,1,1,0,2,13,24,2024-25,SAS,Away
2025-04-01,W,37,16,31,0.516,12,20,0.6,8,8,1.0,1,9,10,8,5,1,2,2,52,17,2024-25,MEM,Away
2025-04-03,W,34,10,21,0.476,4,11,0.364,13,14,0.929,1,2,3,6,0,0,2,1,37,-1,2024-25,LAL,Away
2025-04-04,W,32,13,24,0.542,7,15,0.467,3,3,1.0,1,1,2,5,2,0,2,2,36,6,2024-25,DEN,Home
2025-04-06,L,33,1,10,0.1,1,8,0.125,0,0,0.0,0,2,2,8,0,0,4,0,3,-4,2024-25,HOU,Home
2025-04-08,W,26,9,17,0.529,3,9,0.333,4,4,1.0,1,8,9,6,1,1,2,0,25,31,2024-25,PHX,Away
2025-04-09,L,37,12,24,0.5,5,14,0.357,1,1,1.0,2,6,8,3,2,0,1,0,30,13,2024-25,SAS,Home
2025-04-11,W,27,6,14,0.429,2,8,0.25,0,0,0.0,1,4,5,5,0,1,1,2,14,8,2024-25,POR,Away
2025-04-13,L,38,10,20,0.5,7,12,0.583,9,9,1.0,1,2,3,6,2,0,8,2,36,-16,2024-25,LAC,Home
2025-10-21,W,32,6,14,0.429,3,9,0.333,8,8,1.0,0,1,1,4,3,1,2,3,23,10,2025-26,LAL,Away
2025-10-23,W,37,14,25,0.56,6,12,0.5,8,8,1.0,1,5,6,7,3,1,2,1,42,6,2025-26,DEN,Home
2025-10-24,L,27,12,22,0.545,7,14,0.5,4,4,1.0,1,5,6,3,1,2,4,1,35,-20,2025-26,POR,Away
2025-10-27,W,30,5,11,0.455,4,9,0.444,2,2,1.0,0,4,4,3,0,0,1,2,16,13,2025-26,MEM,Home
2025-10-28,W,26,7,15,0.467,2,8,0.25,3,3,1.0,0,2,2,8,2,0,2,1,19,19,2025-26,LAC,Home
2025-10-30,L,35,8,19,0.421,4,10,0.4,7,8,0.875,1,5,6,4,1,0,5,2,27,-10,2025-26,MIL,Away
2025-11-01,L,29,8,23,0.348,4,16,0.25,4,5,0.8,0,0,0,2,1,0,5,2,24,-5,2025-26,IND,Away
2025-11-04,W,34,9,23,0.391,5,12,0.417,5,5,1.0,0,4,4,3,1,1,2,3,28,11,2025-26,PHX,Home
2025-11-11,L,20,4,13,0.308,1,5,0.2,2,3,0.667,0,1,1,0,1,0,1,5,11,-24,2025-26,OKC,Away
2025-11-12,W,34,13,25,0.52,5,16,0.313,15,16,0.938,0,5,5,5,2,0,1,2,46,5,2025-26,SAS,Away
2025-11-14,W,36,16,26,0.615,9,17,0.529,8,8,1.0,0,4,4,2,2,0,3,2,49,1,2025-26,SAS,Away
2025-11-16,W,28,2,11,0.182,1,6,0.167,4,5,0.8,0,5,5,3,0,0,4,3,9,18,2025-26,NOP,Away
2025-11-18,L,34,12,23,0.522,7,15,0.467,3,5,0.6,0,3,3,9,3,0,5,2,34,-8,2025-26,ORL,Away
2025-11-21,L,34,14,23,0.609,9,17,0.529,1,1,1.0,0,2,2,4,0,0,3,2,38,-4,2025-26,POR,Home
2025-11-24,W,29,12,24,0.5,6,17,0.353,1,1,1.0,0,4,4,2,1,2,3,0,31,17,2025-26,UTA,Home
2025-11-26,L,33,4,13,0.308,2,9,0.222,4,4,1.0,1,5,6,5,0,2,7,4,14,-4,2025-26,HOU,Home
2025-12-12,L,32,14,28,0.5,6,15,0.4,5,7,0.714,2,3,5,5,0,0,2,3,39,-3,2025-26,MIN,Home
2025-12-14,L,35,16,26,0.615,12,19,0.632,4,4,1.0,0,3,3,2,3,1,3,0,48,-8,2025-26,POR,Away
2025-12-18,L,33,3,13,0.231,2,9,0.222,7,7,1.0,1,8,9,7,1,0,2,1,15,-12,2025-26,PHX,Away
2025-12-20,W,35,9,19,0.474,4,11,0.364,6,7,0.857,2,8,10,6,1,0,4,2,28,13,2025-26,PHX,Home
2025-12-22,W,31,10,23,0.435,4,13,0.308,2,2,1.0,0,3,3,6,2,0,3,1,26,17,2025-26,ORL,Home
