game_date,season,opponent,home_away,opp_fg_pct,opp_fg3_pct,opp_ft_pct,opp_reb,opp_ast,opp_stl,opp_blk,opp_pts,opp_def_rating,opp_pace,opp_possessions
2013-10-30,2013-14,LAL,Home,0.0,0.0,0.0,0.0,0.0,0.0,0.0,0.0,0.0,0.0,0.0
2013-10-31,2013-14,LAC,Away,0.0,0.0,0.0,0.0,0.0,0.0,0.0,0.0,0.0,0.0,0.0
2013-11-02,2013-14,SAC,Home,0.0,0.0,0.0,0.0,0.0,0.0,0.0,0.0,0.0,0.0,0.0
2013-11-04,2013-14,PHI,Away,0.0,0.0,0.0,0.0,0.0,0.0,0.0,0.0,0.0,0.0,0.0
2013-11-06,2013-14,MIN,Away,0.0,0.0,0.0,0.0,0.0,0.0,0.0,0.0,0.0,0.0,0.0
2013-11-09,2013-14,MEM,Away,0.0,0.0,0.0,0.0,0.0,0.0,0.0,0.0,0.0,0.0,0.0
2013-11-12,2013-14,DET,Home,0.0,0.0,0.0,0.0,0.0,0.0,0.0,0.0,0.0,0.0,0.0
2013-11-14,2013-14,OKC,Home,0.0,0.0,0.0,0.0,0.0,0.0,0.0,0.0,0.0,0.0,0.0
2013-11-16,2013-14,UTA,Home,0.0,0.0,0.0,0.0,0.0,0.0,0.0,0.0,0.0,0.0,0.0
2013-11-18,2013-14,UTA,Away,0.0,0.0,0.0,0.0,0.0,0.0,0.0,0.0,0.0,0.0,0.0
2013-11-23,2013-14,POR,Home,0.0,0.0,0.0,0.0,0.0,0.0,0.0,0.0,0.0,0.0,0.0
2013-11-26,2013-14,NOP,Away,0.0,0.0,0.0,0.0,0.0,0.0,0.0,0.0,0.0,0.0,0.0
2013-11-27,2013-14,DAL,Away,0.0,0.0,0.0,0.0,0.0,0.0,0.0,0.0,0.0,0.0,0.0
2013-11-29,2013-14,OKC,Away,0.0,0.0,0.0,0.0,0.0,0.0,0.0,0.0,0.0,0.0,0.0
2013-12-01,2013-14,SAC,Away,0.0,0.0,0.0,0.0,0.0,0.0,0.0,0.0,0.0,0.0,0.0
2013-12-03,2013-14,TOR,Home,0.0,0.0,0.0,0.0,0.0,0.0,0.0,0.0,0.0,0.0,0.0
2013-12-06,2013-14,HOU,Away,0.0,0.0,0.0,0.0,0.0,0.0,0.0,0.0,0.0,0.0,0.0
2013-12-07,2013-14,MEM,Away,0.0,0.0,0.0,0.0,0.0,0.0,0.0,0.0,0.0,0.0,0.0
2013-12-09,2013-14,CHA,Away,0.0,0.0,0.0,0.0,0.0,0.0,0.0,0.0,0.0,0.0,0.0
2013-12-11,2013-14,DAL,Home,0.0,0.0,0.0,0.0,0.0,0.0,0.0,0.0,0.0,0.0,0.0
2013-12-13,2013-14,HOU,Home,0.0,0.0,0.0,0.0,0.0,0.0,0.0,0.0,0.0,0.0,0.0
2013-12-15,2013-14,PHX,Away,0.0,0.0,0.0,0.0,0.0,0.0,0.0,0.0,0.0,0.0,0.0
2013-12-17,2013-14,NOP,Home,0.0,0.0,0.0,0.0,0.0,0.0,0.0,0.0,0.0,0.0,0.0
2013-12-19,2013-14,SAS,Home,0.0,0.0,0.0,0.0,0.0,0.0,0.0,0.0,0.0,0.0,0.0
2013-12-21,2013-14,LAL,Home,0.0,0.0,0.0,0.0,0.0,0.0,0.0,0.0,0.0,0.0,0.0
2013-12-23,2013-14,DEN,Away,0.0,0.0,0.0,0.0,0.0,0.0,0.0,0.0,0.0,0.0,0.0
2013-12-25,2013-14,LAC,Home,0.0,0.0,0.0,0.0,0.0,0.0,0.0,0.0,0.0,0.0,0.0
2013-12-27,2013-14,PHX,Home,0.0,0.0,0.0,0.0,0.0,0.0,0.0,0.0,0.0,0.0,0.0
2013-12-29,2013-14,CLE,Away,0.0,0.0,0.0,0.0,0.0,0.0,0.0,0.0,0.0,0.0,0.0
2013-12-31,2013-14,ORL,Away,0.0,0.0,0.0,0.0,0.0,0.0,0.0,0.0,0.0,0.0,0.0
2014-01-02,2013-14,MIA,Away,0.0,0.0,0.0,0.0,0.0,0.0,0.0,0.0,0.0,0.0,0.0
2014-01-03,2013-14,ATL,Away,0.0,0.0,0.0,0.0,0.0,0.0,0.0,0.0,0.0,0.0,0.0
2014-01-05,2013-14,WAS,Away,0.0,0.0,0.0,0.0,0.0,0.0,0.0,0.0,0.0,0.0,0.0
2014-01-07,2013-14,MIL,Away,0.0,0.0,0.0,0.0,0.0,0.0,0.0,0.0,0.0,0.0,0.0
2014-01-08,2013-14,BKN,Away,0.0,0.0,0.0,0.0,0.0,0.0,0.0,0.0,0.0,0.0,0.0
2014-01-10,2013-14,BOS,Home,0.0,0.0,0.0,0.0,0.0,0.0,0.0,0.0,0.0,0.0,0.0
2014-01-15,2013-14,DEN,Home,0.0,0.0,0.0,0.0,0.0,0.0,0.0,0.0,0.0,0.0,0.0
2014-01-17,2013-14,OKC,Away,0.0,0.0,0.0,0.0,0.0,0.0,0.0,0.0,0.0,0.0,0.0
2014-01-18,2013-14,NOP,Away,0.0,0.0,0.0,0.0,0.0,0.0,0.0,0.0,0.0,0.0,0.0
2014-01-20,2013-14,IND,Home,0.0,0.0,0.0,0.0,0.0,0.0,0.0,0.0,0.0,0.0,0.0
2014-01-24,2013-14,MIN,Home,0.0,0.0,0.0,0.0,0.0,0.0,0.0,0.0,0.0,0.0,0.0
2014-01-26,2013-14,POR,Home,0.0,0.0,0.0,0.0,0.0,0.0,0.0,0.0,0.0,0.0,0.0
2014-01-28,2013-14,WAS,Home,0.0,0.0,0.0,0.0,0.0,0.0,0.0,0.0,0.0,0.0,0.0
2014-01-30,2013-14,LAC,Home,0.0,0.0,0.0,0.0,0.0,0.0,0.0,0.0,0.0,0.0,0.0
2014-01-31,2013-14,UTA,Away,0.0,0.0,0.0,0.0,0.0,0.0,0.0,0.0,0.0,0.0,0.0
2014-02-04,2013-14,CHA,Home,0.0,0.0,0.0,0.0,0.0,0.0,0.0,0.0,0.0,0.0,0.0
2014-02-06,2013-14,CHI,Home,0.0,0.0,0.0,0.0,0.0,0.0,0.0,0.0,0.0,0.0,0.0
2014-02-08,2013-14,PHX,Away,0.0,0.0,0.0,0.0,0.0,0.0,0.0,0.0,0.0,0.0,0.0
2014-02-10,2013-14,PHI,Home,0.0,0.0,0.0,0.0,0.0,0.0,0.0,0.0,0.0,0.0,0.0
2014-02-12,2013-14,MIA,Home,0.0,0.0,0.0,0.0,0.0,0.0,0.0,0.0,0.0,0.0,0.0
2014-02-19,2013-14,SAC,Away,0.0,0.0,0.0,0.0,0.0,0.0,0.0,0.0,0.0,0.0,0.0
2014-02-20,2013-14,HOU,Home,0.0,0.0,0.0,0.0,0.0,0.0,0.0,0.0,0.0,0.0,0.0
2014-02-22,2013-14,BKN,Home,0.0,0.0,0.0,0.0,0.0,0.0,0.0,0.0,0.0,0.0,0.0
2014-02-24,2013-14,DET,Away,0.0,0.0,0.0,0.0,0.0,0.0,0.0,0.0,0.0,0.0,0.0
2014-02-26,2013-14,CHI,Away,0.0,0.0,0.0,0.0,0.0,0.0,0.0,0.0,0.0,0.0,0.0
2014-02-28,2013-14,NYK,Away,0.0,0.0,0.0,0.0,0.0,0.0,0.0,0.0,0.0,0.0,0.0
2014-03-02,2013-14,TOR,Away,0.0,0.0,0.0,0.0,0.0,0.0,0.0,0.0,0.0,0.0,0.0
2014-03-04,2013-14,IND,Away,0.0,0.0,0.0,0.0,0.0,0.0,0.0,0.0,0.0,0.0,0.0
2014-03-05,2013-14,BOS,Away,0.0,0.0,0.0,0.0,0.0,0.0,0.0,0.0,0.0,0.0,0.0
2014-03-07,2013-14,ATL,Home,0.0,0.0,0.0,0.0,0.0,0.0,0.0,0.0,0.0,0.0,0.0
2014-03-09,2013-14,PHX,Home,0.0,0.0,0.0,0.0,0.0,0.0,0.0,0.0,0.0,0.0,0.0
2014-03-11,2013-14,DAL,Home,0.0,0.0,0.0,0.0,0.0,0.0,0.0,0.0,0.0,0.0,0.0
2014-03-12,2013-14,LAC,Away,0.0,0.0,0.0,0.0,0.0,0.0,0.0,0.0,0.0,0.0,0.0
2014-03-14,2013-14,CLE,Home,0.0,0.0,0.0,0.0,0.0,0.0,0.0,0.0,0.0,0.0,0.0
2014-03-16,2013-14,POR,Away,0.0,0.0,0.0,0.0,0.0,0.0,0.0,0.0,0.0,0.0,0.0
2014-03-18,2013-14,ORL,Home,0.0,0.0,0.0,0.0,0.0,0.0,0.0,0.0,0.0,0.0,0.0
2014-03-20,2013-14,MIL,Home,0.0,0.0,0.0,0.0,0.0,0.0,0.0,0.0,0.0,0.0,0.0
2014-03-22,2013-14,SAS,Home,0.0,0.0,0.0,0.0,0.0,0.0,0.0,0.0,0.0,0.0,0.0
2014-03-28,2013-14,MEM,Home,0.0,0.0,0.0,0.0,0.0,0.0,0.0,0.0,0.0,0.0,0.0
2014-03-30,2013-14,NYK,Home,0.0,0.0,0.0,0.0,0.0,0.0,0.0,0.0,0.0,0.0,0.0
2014-04-01,2013-14,DAL,Away,0.0,0.0,0.0,0.0,0.0,0.0,0.0,0.0,0.0,0.0,0.0
2014-04-02,2013-14,SAS,Away,0.0,0.0,0.0,0.0,0.0,0.0,0.0,0.0,0.0,0.0,0.0
2014-04-04,2013-14,SAC,Home,0.0,0.0,0.0,0.0,0.0,0.0,0.0,0.0,0.0,0.0,0.0
2014-04-06,2013-14,UTA,Home,0.0,0.0,0.0,0.0,0.0,0.0,0.0,0.0,0.0,0.0,0.0
2014-04-10,2013-14,DEN,Home,0.0,0.0,0.0,0.0,0.0,0.0,0.0,0.0,0.0,0.0,0.0
2014-04-11,2013-14,LAL,Away,0.0,0.0,0.0,0.0,0.0,0.0,0.0,0.0,0.0,0.0,0.0
2014-04-13,2013-14,POR,Away,0.0,0.0,0.0,0.0,0.0,0.0,0.0,0.0,0.0,0.0,0.0
2014-04-14,2013-14,MIN,Home,0.0,0.0,0.0,0.0,0.0,0.0,0.0,0.0,0.0,0.0,0.0
2014-10-29,2014-15,SAC,Away,0.0,0.0,0.0,0.0,0.0,0.0,0.0,0.0,0.0,0.0,0.0
2014-11-01,2014-15,LAL,Home,0.0,0.0,0.0,0.0,0.0,0.0,0.0,0.0,0.0,0.0,0.0
2014-11-02,2014-15,POR,Away,0.0,0.0,0.0,0.0,0.0,0.0,0.0,0.0,0.0,0.0,0.0
2014-11-05,2014-15,LAC,Home,0.0,0.0,0.0,0.0,0.0,0.0,0.0,0.0,0.0,0.0,0.0
2014-11-08,2014-15,HOU,Away,0.0,0.0,0.0,0.0,0.0,0.0,0.0,0.0,0.0,0.0,0.0
2014-11-09,2014-15,PHX,Away,0.0,0.0,0.0,0.0,0.0,0.0,0.0,0.0,0.0,0.0,0.0
2014-11-11,2014-15,SAS,Home,0.0,0.0,0.0,0.0,0.0,0.0,0.0,0.0,0.0,0.0,0.0
2014-11-13,2014-15,BKN,Home,0.0,0.0,0.0,0.0,0.0,0.0,0.0,0.0,0.0,0.0,0.0
2014-11-15,2014-15,CHA,Home,0.0,0.0,0.0,0.0,0.0,0.0,0.0,0.0,0.0,0.0,0.0
2014-11-16,2014-15,LAL,Away,0.0,0.0,0.0,0.0,0.0,0.0,0.0,0.0,0.0,0.0,0.0
2014-11-21,2014-15,UTA,Home,0.0,0.0,0.0,0.0,0.0,0.0,0.0,0.0,0.0,0.0,0.0
2014-11-23,2014-15,OKC,Away,0.0,0.0,0.0,0.0,0.0,0.0,0.0,0.0,0.0,0.0,0.0
2014-11-25,2014-15,MIA,Away,0.0,0.0,0.0,0.0,0.0,0.0,0.0,0.0,0.0,0.0,0.0
2014-11-26,2014-15,ORL,Away,0.0,0.0,0.0,0.0,0.0,0.0,0.0,0.0,0.0,0.0,0.0
2014-11-28,2014-15,CHA,Away,0.0,0.0,0.0,0.0,0.0,0.0,0.0,0.0,0.0,0.0,0.0
2014-11-30,2014-15,DET,Away,0.0,0.0,0.0,0.0,0.0,0.0,0.0,0.0,0.0,0.0,0.0
2014-12-02,2014-15,ORL,Home,0.0,0.0,0.0,0.0,0.0,0.0,0.0,0.0,0.0,0.0,0.0
2014-12-04,2014-15,NOP,Home,0.0,0.0,0.0,0.0,0.0,0.0,0.0,0.0,0.0,0.0,0.0
2014-12-06,2014-15,CHI,Away,0.0,0.0,0.0,0.0,0.0,0.0,0.0,0.0,0.0,0.0,0.0
2014-12-08,2014-15,MIN,Away,0.0,0.0,0.0,0.0,0.0,0.0,0.0,0.0,0.0,0.0,0.0
2014-12-10,2014-15,HOU,Home,0.0,0.0,0.0,0.0,0.0,0.0,0.0,0.0,0.0,0.0,0.0
2014-12-13,2014-15,DAL,Away,0.0,0.0,0.0,0.0,0.0,0.0,0.0,0.0,0.0,0.0,0.0
2014-12-14,2014-15,NOP,Away,0.0,0.0,0.0,0.0,0.0,0.0,0.0,0.0,0.0,0.0,0.0
2014-12-16,2014-15,MEM,Away,0.0,0.0,0.0,0.0,0.0,0.0,0.0,0.0,0.0,0.0,0.0
2014-12-18,2014-15,OKC,Home,0.0,0.0,0.0,0.0,0.0,0.0,0.0,0.0,0.0,0.0,0.0
2014-12-22,2014-15,SAC,Home,0.0,0.0,0.0,0.0,0.0,0.0,0.0,0.0,0.0,0.0,0.0
2014-12-23,2014-15,LAL,Away,0.0,0.0,0.0,0.0,0.0,0.0,0.0,0.0,0.0,0.0,0.0
2014-12-25,2014-15,LAC,Away,0.0,0.0,0.0,0.0,0.0,0.0,0.0,0.0,0.0,0.0,0.0
2014-12-27,2014-15,MIN,Home,0.0,0.0,0.0,0.0,0.0,0.0,0.0,0.0,0.0,0.0,0.0
2014-12-30,2014-15,PHI,Home,0.0,0.0,0.0,0.0,0.0,0.0,0.0,0.0,0.0,0.0,0.0
2015-01-02,2014-15,TOR,Home,0.0,0.0,0.0,0.0,0.0,0.0,0.0,0.0,0.0,0.0,0.0
2015-01-05,2014-15,OKC,Home,0.0,0.0,0.0,0.0,0.0,0.0,0.0,0.0,0.0,0.0,0.0
2015-01-07,2014-15,IND,Home,0.0,0.0,0.0,0.0,0.0,0.0,0.0,0.0,0.0,0.0,0.0
2015-01-09,2014-15,CLE,Home,0.0,0.0,0.0,0.0,0.0,0.0,0.0,0.0,0.0,0.0,0.0
2015-01-13,2014-15,UTA,Away,0.0,0.0,0.0,0.0,0.0,0.0,0.0,0.0,0.0,0.0,0.0
2015-01-14,2014-15,MIA,Home,0.0,0.0,0.0,0.0,0.0,0.0,0.0,0.0,0.0,0.0,0.0
2015-01-16,2014-15,OKC,Away,0.0,0.0,0.0,0.0,0.0,0.0,0.0,0.0,0.0,0.0,0.0
2015-01-17,2014-15,HOU,Away,0.0,0.0,0.0,0.0,0.0,0.0,0.0,0.0,0.0,0.0,0.0
2015-01-19,2014-15,DEN,Home,0.0,0.0,0.0,0.0,0.0,0.0,0.0,0.0,0.0,0.0,0.0
2015-01-21,2014-15,HOU,Home,0.0,0.0,0.0,0.0,0.0,0.0,0.0,0.0,0.0,0.0,0.0
2015-01-23,2014-15,SAC,Home,0.0,0.0,0.0,0.0,0.0,0.0,0.0,0.0,0.0,0.0,0.0
2015-01-25,2014-15,BOS,Home,0.0,0.0,0.0,0.0,0.0,0.0,0.0,0.0,0.0,0.0,0.0
2015-01-27,2014-15,CHI,Home,0.0,0.0,0.0,0.0,0.0,0.0,0.0,0.0,0.0,0.0,0.0
2015-01-30,2014-15,UTA,Away,0.0,0.0,0.0,0.0,0.0,0.0,0.0,0.0,0.0,0.0,0.0
2015-01-31,2014-15,PHX,Home,0.0,0.0,0.0,0.0,0.0,0.0,0.0,0.0,0.0,0.0,0.0
2015-02-03,2014-15,SAC,Away,0.0,0.0,0.0,0.0,0.0,0.0,0.0,0.0,0.0,0.0,0.0
2015-02-04,2014-15,DAL,Home,0.0,0.0,0.0,0.0,0.0,0.0,0.0,0.0,0.0,0.0,0.0
2015-02-06,2014-15,ATL,Away,0.0,0.0,0.0,0.0,0.0,0.0,0.0,0.0,0.0,0.0,0.0
2015-02-07,2014-15,NYK,Away,0.0,0.0,0.0,0.0,0.0,0.0,0.0,0.0,0.0,0.0,0.0
2015-02-09,2014-15,PHI,Away,0.0,0.0,0.0,0.0,0.0,0.0,0.0,0.0,0.0,0.0,0.0
2015-02-11,2014-15,MIN,Away,0.0,0.0,0.0,0.0,0.0,0.0,0.0,0.0,0.0,0.0,0.0
2015-02-20,2014-15,SAS,Home,0.0,0.0,0.0,0.0,0.0,0.0,0.0,0.0,0.0,0.0,0.0
2015-02-24,2014-15,WAS,Away,0.0,0.0,0.0,0.0,0.0,0.0,0.0,0.0,0.0,0.0,0.0
2015-02-26,2014-15,CLE,Away,0.0,0.0,0.0,0.0,0.0,0.0,0.0,0.0,0.0,0.0,0.0
2015-02-27,2014-15,TOR,Away,0.0,0.0,0.0,0.0,0.0,0.0,0.0,0.0,0.0,0.0,0.0
2015-03-01,2014-15,BOS,Away,0.0,0.0,0.0,0.0,0.0,0.0,0.0,0.0,0.0,0.0,0.0
2015-03-02,2014-15,BKN,Away,0.0,0.0,0.0,0.0,0.0,0.0,0.0,0.0,0.0,0.0,0.0
2015-03-04,2014-15,MIL,Home,0.0,0.0,0.0,0.0,0.0,0.0,0.0,0.0,0.0,0.0,0.0
2015-03-06,2014-15,DAL,Home,0.0,0.0,0.0,0.0,0.0,0.0,0.0,0.0,0.0,0.0,0.0
2015-03-08,2014-15,LAC,Home,0.0,0.0,0.0,0.0,0.0,0.0,0.0,0.0,0.0,0.0,0.0
2015-03-09,2014-15,PHX,Away,0.0,0.0,0.0,0.0,0.0,0.0,0.0,0.0,0.0,0.0,0.0
2015-03-11,2014-15,DET,Home,0.0,0.0,0.0,0.0,0.0,0.0,0.0,0.0,0.0,0.0,0.0
2015-03-14,2014-15,NYK,Home,0.0,0.0,0.0,0.0,0.0,0.0,0.0,0.0,0.0,0.0,0.0
2015-03-16,2014-15,LAL,Home,0.0,0.0,0.0,0.0,0.0,0.0,0.0,0.0,0.0,0.0,0.0
2015-03-18,2014-15,ATL,Home,0.0,0.0,0.0,0.0,0.0,0.0,0.0,0.0,0.0,0.0,0.0
2015-03-20,2014-15,NOP,Home,0.0,0.0,0.0,0.0,0.0,0.0,0.0,0.0,0.0,0.0,0.0
2015-03-21,2014-15,UTA,Home,0.0,0.0,0.0,0.0,0.0,0.0,0.0,0.0,0.0,0.0,0.0
2015-03-23,2014-15,WAS,Home,0.0,0.0,0.0,0.0,0.0,0.0,0.0,0.0,0.0,0.0,0.0
2015-03-24,2014-15,POR,Away,0.0,0.0,0.0,0.0,0.0,0.0,0.0,0.0,0.0,0.0,0.0
2015-03-27,2014-15,MEM,Away,0.0,0.0,0.0,0.0,0.0,0.0,0.0,0.0,0.0,0.0,0.0
2015-03-28,2014-15,MIL,Away,0.0,0.0,0.0,0.0,0.0,0.0,0.0,0.0,0.0,0.0,0.0
2015-03-31,2014-15,LAC,Away,0.0,0.0,0.0,0.0,0.0,0.0,0.0,0.0,0.0,0.0,0.0
2015-04-02,2014-15,PHX,Home,0.0,0.0,0.0,0.0,0.0,0.0,0.0,0.0,0.0,0.0,0.0
2015-04-04,2014-15,DAL,Away,0.0,0.0,0.0,0.0,0.0,0.0,0.0,0.0,0.0,0.0,0.0
2015-04-05,2014-15,SAS,Away,0.0,0.0,0.0,0.0,0.0,0.0,0.0,0.0,0.0,0.0,0.0
2015-04-07,2014-15,NOP,Away,0.0,0.0,0.0,0.0,0.0,0.0,0.0,0.0,0.0,0.0,0.0
2015-04-09,2014-15,POR,Home,0.0,0.0,0.0,0.0,0.0,0.0,0.0,0.0,0.0,0.0,0.0
2015-04-11,2014-15,MIN,Home,0.0,0.0,0.0,0.0,0.0,0.0,0.0,0.0,0.0,0.0,0.0
2015-04-13,2014-15,MEM,Home,0.0,0.0,0.0,0.0,0.0,0.0,0.0,0.0,0.0,0.0,0.0
2015-04-15,2014-15,DEN,Home,0.0,0.0,0.0,0.0,0.0,0.0,0.0,0.0,0.0,0.0,0.0
2015-10-27,2015-16,NOP,Home,0.0,0.0,0.0,0.0,0.0,0.0,0.0,0.0,0.0,0.0,0.0
2015-10-30,2015-16,HOU,Away,0.0,0.0,0.0,0.0,0.0,0.0,0.0,0.0,0.0,0.0,0.0
2015-10-31,2015-16,NOP,Away,0.0,0.0,0.0,0.0,0.0,0.0,0.0,0.0,0.0,0.0,0.0
2015-11-02,2015-16,MEM,Home,0.0,0.0,0.0,0.0,0.0,0.0,0.0,0.0,0.0,0.0,0.0
2015-11-04,2015-16,LAC,Home,0.0,0.0,0.0,0.0,0.0,0.0,0.0,0.0,0.0,0.0,0.0
2015-11-06,2015-16,DEN,Home,0.0,0.0,0.0,0.0,0.0,0.0,0.0,0.0,0.0,0.0,0.0
2015-11-07,2015-16,SAC,Away,0.0,0.0,0.0,0.0,0.0,0.0,0.0,0.0,0.0,0.0,0.0
2015-11-09,2015-16,DET,Home,0.0,0.0,0.0,0.0,0.0,0.0,0.0,0.0,0.0,0.0,0.0
2015-11-11,2015-16,MEM,Away,0.0,0.0,0.0,0.0,0.0,0.0,0.0,0.0,0.0,0.0,0.0
2015-11-12,2015-16,MIN,Away,0.0,0.0,0.0,0.0,0.0,0.0,0.0,0.0,0.0,0.0,0.0
2015-11-14,2015-16,BKN,Home,0.0,0.0,0.0,0.0,0.0,0.0,0.0,0.0,0.0,0.0,0.0
2015-11-17,2015-16,TOR,Home,0.0,0.0,0.0,0.0,0.0,0.0,0.0,0.0,0.0,0.0,0.0
2015-11-19,2015-16,LAC,Away,0.0,0.0,0.0,0.0,0.0,0.0,0.0,0.0,0.0,0.0,0.0
2015-11-20,2015-16,CHI,Home,0.0,0.0,0.0,0.0,0.0,0.0,0.0,0.0,0.0,0.0,0.0
2015-11-22,2015-16,DEN,Away,0.0,0.0,0.0,0.0,0.0,0.0,0.0,0.0,0.0,0.0,0.0
2015-11-24,2015-16,LAL,Home,0.0,0.0,0.0,0.0,0.0,0.0,0.0,0.0,0.0,0.0,0.0
2015-11-27,2015-16,PHX,Away,0.0,0.0,0.0,0.0,0.0,0.0,0.0,0.0,0.0,0.0,0.0
2015-11-28,2015-16,SAC,Home,0.0,0.0,0.0,0.0,0.0,0.0,0.0,0.0,0.0,0.0,0.0
2015-11-30,2015-16,UTA,Away,0.0,0.0,0.0,0.0,0.0,0.0,0.0,0.0,0.0,0.0,0.0
2015-12-02,2015-16,CHA,Away,0.0,0.0,0.0,0.0,0.0,0.0,0.0,0.0,0.0,0.0,0.0
2015-12-05,2015-16,TOR,Away,0.0,0.0,0.0,0.0,0.0,0.0,0.0,0.0,0.0,0.0,0.0
2015-12-06,2015-16,BKN,Away,0.0,0.0,0.0,0.0,0.0,0.0,0.0,0.0,0.0,0.0,0.0
2015-12-08,2015-16,IND,Away,0.0,0.0,0.0,0.0,0.0,0.0,0.0,0.0,0.0,0.0,0.0
2015-12-11,2015-16,BOS,Away,0.0,0.0,0.0,0.0,0.0,0.0,0.0,0.0,0.0,0.0,0.0
2015-12-12,2015-16,MIL,Away,0.0,0.0,0.0,0.0,0.0,0.0,0.0,0.0,0.0,0.0,0.0
2015-12-16,2015-16,PHX,Home,0.0,0.0,0.0,0.0,0.0,0.0,0.0,0.0,0.0,0.0,0.0
2015-12-18,2015-16,MIL,Home,0.0,0.0,0.0,0.0,0.0,0.0,0.0,0.0,0.0,0.0,0.0
2015-12-23,2015-16,UTA,Home,0.0,0.0,0.0,0.0,0.0,0.0,0.0,0.0,0.0,0.0,0.0
2015-12-25,2015-16,CLE,Home,0.0,0.0,0.0,0.0,0.0,0.0,0.0,0.0,0.0,0.0,0.0
2015-12-28,2015-16,SAC,Home,0.0,0.0,0.0,0.0,0.0,0.0,0.0,0.0,0.0,0.0,0.0
2016-01-02,2015-16,DEN,Home,0.0,0.0,0.0,0.0,0.0,0.0,0.0,0.0,0.0,0.0,0.0
2016-01-04,2015-16,CHA,Home,0.0,0.0,0.0,0.0,0.0,0.0,0.0,0.0,0.0,0.0,0.0
2016-01-05,2015-16,LAL,Away,0.0,0.0,0.0,0.0,0.0,0.0,0.0,0.0,0.0,0.0,0.0
2016-01-08,2015-16,POR,Away,0.0,0.0,0.0,0.0,0.0,0.0,0.0,0.0,0.0,0.0,0.0
2016-01-09,2015-16,SAC,Away,0.0,0.0,0.0,0.0,0.0,0.0,0.0,0.0,0.0,0.0,0.0
2016-01-11,2015-16,MIA,Home,0.0,0.0,0.0,0.0,0.0,0.0,0.0,0.0,0.0,0.0,0.0
2016-01-13,2015-16,DEN,Away,0.0,0.0,0.0,0.0,0.0,0.0,0.0,0.0,0.0,0.0,0.0
2016-01-14,2015-16,LAL,Home,0.0,0.0,0.0,0.0,0.0,0.0,0.0,0.0,0.0,0.0,0.0
2016-01-16,2015-16,DET,Away,0.0,0.0,0.0,0.0,0.0,0.0,0.0,0.0,0.0,0.0,0.0
2016-01-18,2015-16,CLE,Away,0.0,0.0,0.0,0.0,0.0,0.0,0.0,0.0,0.0,0.0,0.0
2016-01-20,2015-16,CHI,Away,0.0,0.0,0.0,0.0,0.0,0.0,0.0,0.0,0.0,0.0,0.0
2016-01-22,2015-16,IND,Home,0.0,0.0,0.0,0.0,0.0,0.0,0.0,0.0,0.0,0.0,0.0
2016-01-25,2015-16,SAS,Home,0.0,0.0,0.0,0.0,0.0,0.0,0.0,0.0,0.0,0.0,0.0
2016-01-27,2015-16,DAL,Home,0.0,0.0,0.0,0.0,0.0,0.0,0.0,0.0,0.0,0.0,0.0
2016-01-30,2015-16,PHI,Away,0.0,0.0,0.0,0.0,0.0,0.0,0.0,0.0,0.0,0.0,0.0
2016-01-31,2015-16,NYK,Away,0.0,0.0,0.0,0.0,0.0,0.0,0.0,0.0,0.0,0.0,0.0
2016-02-03,2015-16,WAS,Away,0.0,0.0,0.0,0.0,0.0,0.0,0.0,0.0,0.0,0.0,0.0
2016-02-06,2015-16,OKC,Home,0.0,0.0,0.0,0.0,0.0,0.0,0.0,0.0,0.0,0.0,0.0
2016-02-09,2015-16,HOU,Home,0.0,0.0,0.0,0.0,0.0,0.0,0.0,0.0,0.0,0.0,0.0
2016-02-10,2015-16,PHX,Away,0.0,0.0,0.0,0.0,0.0,0.0,0.0,0.0,0.0,0.0,0.0
2016-02-19,2015-16,POR,Away,0.0,0.0,0.0,0.0,0.0,0.0,0.0,0.0,0.0,0.0,0.0
2016-02-20,2015-16,LAC,Away,0.0,0.0,0.0,0.0,0.0,0.0,0.0,0.0,0.0,0.0,0.0
2016-02-22,2015-16,ATL,Away,0.0,0.0,0.0,0.0,0.0,0.0,0.0,0.0,0.0,0.0,0.0
2016-02-24,2015-16,MIA,Away,0.0,0.0,0.0,0.0,0.0,0.0,0.0,0.0,0.0,0.0,0.0
2016-02-25,2015-16,ORL,Away,0.0,0.0,0.0,0.0,0.0,0.0,0.0,0.0,0.0,0.0,0.0
2016-02-27,2015-16,OKC,Away,0.0,0.0,0.0,0.0,0.0,0.0,0.0,0.0,0.0,0.0,0.0
2016-03-03,2015-16,OKC,Home,0.0,0.0,0.0,0.0,0.0,0.0,0.0,0.0,0.0,0.0,0.0
2016-03-06,2015-16,LAL,Away,0.0,0.0,0.0,0.0,0.0,0.0,0.0,0.0,0.0,0.0,0.0
2016-03-07,2015-16,ORL,Home,0.0,0.0,0.0,0.0,0.0,0.0,0.0,0.0,0.0,0.0,0.0
2016-03-09,2015-16,UTA,Home,0.0,0.0,0.0,0.0,0.0,0.0,0.0,0.0,0.0,0.0,0.0
2016-03-11,2015-16,POR,Home,0.0,0.0,0.0,0.0,0.0,0.0,0.0,0.0,0.0,0.0,0.0
2016-03-12,2015-16,PHX,Home,0.0,0.0,0.0,0.0,0.0,0.0,0.0,0.0,0.0,0.0,0.0
2016-03-14,2015-16,NOP,Home,0.0,0.0,0.0,0.0,0.0,0.0,0.0,0.0,0.0,0.0,0.0
2016-03-16,2015-16,NYK,Home,0.0,0.0,0.0,0.0,0.0,0.0,0.0,0.0,0.0,0.0,0.0
2016-03-18,2015-16,DAL,Away,0.0,0.0,0.0,0.0,0.0,0.0,0.0,0.0,0.0,0.0,0.0
2016-03-19,2015-16,SAS,Away,0.0,0.0,0.0,0.0,0.0,0.0,0.0,0.0,0.0,0.0,0.0
2016-03-21,2015-16,MIN,Away,0.0,0.0,0.0,0.0,0.0,0.0,0.0,0.0,0.0,0.0,0.0
2016-03-23,2015-16,LAC,Home,0.0,0.0,0.0,0.0,0.0,0.0,0.0,0.0,0.0,0.0,0.0
2016-03-25,2015-16,DAL,Home,0.0,0.0,0.0,0.0,0.0,0.0,0.0,0.0,0.0,0.0,0.0
2016-03-27,2015-16,PHI,Home,0.0,0.0,0.0,0.0,0.0,0.0,0.0,0.0,0.0,0.0,0.0
2016-03-29,2015-16,WAS,Home,0.0,0.0,0.0,0.0,0.0,0.0,0.0,0.0,0.0,0.0,0.0
2016-03-30,2015-16,UTA,Away,0.0,0.0,0.0,0.0,0.0,0.0,0.0,0.0,0.0,0.0,0.0
2016-04-01,2015-16,BOS,Home,0.0,0.0,0.0,0.0,0.0,0.0,0.0,0.0,0.0,0.0,0.0
2016-04-03,2015-16,POR,Home,0.0,0.0,0.0,0.0,0.0,0.0,0.0,0.0,0.0,0.0,0.0
2016-04-05,2015-16,MIN,Home,0.0,0.0,0.0,0.0,0.0,0.0,0.0,0.0,0.0,0.0,0.0
2016-04-07,2015-16,SAS,Home,0.0,0.0,0.0,0.0,0.0,0.0,0.0,0.0,0.0,0.0,0.0
2016-04-09,2015-16,MEM,Away,0.0,0.0,0.0,0.0,0.0,0.0,0.0,0.0,0.0,0.0,0.0
2016-04-10,2015-16,SAS,Away,0.0,0.0,0.0,0.0,0.0,0.0,0.0,0.0,0.0,0.0,0.0
2016-04-13,2015-16,MEM,Home,0.0,0.0,0.0,0.0,0.0,0.0,0.0,0.0,0.0,0.0,0.0
2016-10-25,2016-17,SAS,Home,0.0,0.0,0.0,0.0,0.0,0.0,0.0,0.0,0.0,0.0,0.0
2016-10-28,2016-17,NOP,Away,0.0,0.0,0.0,0.0,0.0,0.0,0.0,0.0,0.0,0.0,0.0
2016-10-30,2016-17,PHX,Away,0.0,0.0,0.0,0.0,0.0,0.0,0.0,0.0,0.0,0.0,0.0
2016-11-01,2016-17,POR,Away,0.0,0.0,0.0,0.0,0.0,0.0,0.0,0.0,0.0,0.0,0.0
2016-11-03,2016-17,OKC,Home,0.0,0.0,0.0,0.0,0.0,0.0,0.0,0.0,0.0,0.0,0.0
2016-11-04,2016-17,LAL,Away,0.0,0.0,0.0,0.0,0.0,0.0,0.0,0.0,0.0,0.0,0.0
2016-11-07,2016-17,NOP,Home,0.0,0.0,0.0,0.0,0.0,0.0,0.0,0.0,0.0,0.0,0.0
2016-11-09,2016-17,DAL,Home,0.0,0.0,0.0,0.0,0.0,0.0,0.0,0.0,0.0,0.0,0.0
2016-11-10,2016-17,DEN,Away,0.0,0.0,0.0,0.0,0.0,0.0,0.0,0.0,0.0,0.0,0.0
2016-11-13,2016-17,PHX,Home,0.0,0.0,0.0,0.0,0.0,0.0,0.0,0.0,0.0,0.0,0.0
2016-11-16,2016-17,TOR,Away,0.0,0.0,0.0,0.0,0.0,0.0,0.0,0.0,0.0,0.0,0.0
2016-11-18,2016-17,BOS,Away,0.0,0.0,0.0,0.0,0.0,0.0,0.0,0.0,0.0,0.0,0.0
2016-11-19,2016-17,MIL,Away,0.0,0.0,0.0,0.0,0.0,0.0,0.0,0.0,0.0,0.0,0.0
2016-11-21,2016-17,IND,Away,0.0,0.0,0.0,0.0,0.0,0.0,0.0,0.0,0.0,0.0,0.0
2016-11-23,2016-17,LAL,Home,0.0,0.0,0.0,0.0,0.0,0.0,0.0,0.0,0.0,0.0,0.0
2016-11-25,2016-17,LAL,Away,0.0,0.0,0.0,0.0,0.0,0.0,0.0,0.0,0.0,0.0,0.0
2016-11-26,2016-17,MIN,Home,0.0,0.0,0.0,0.0,0.0,0.0,0.0,0.0,0.0,0.0,0.0
2016-11-28,2016-17,ATL,Home,0.0,0.0,0.0,0.0,0.0,0.0,0.0,0.0,0.0,0.0,0.0
2016-12-01,2016-17,HOU,Home,0.0,0.0,0.0,0.0,0.0,0.0,0.0,0.0,0.0,0.0,0.0
2016-12-03,2016-17,PHX,Home,0.0,0.0,0.0,0.0,0.0,0.0,0.0,0.0,0.0,0.0,0.0
2016-12-05,2016-17,IND,Home,0.0,0.0,0.0,0.0,0.0,0.0,0.0,0.0,0.0,0.0,0.0
2016-12-07,2016-17,LAC,Away,0.0,0.0,0.0,0.0,0.0,0.0,0.0,0.0,0.0,0.0,0.0
2016-12-08,2016-17,UTA,Away,0.0,0.0,0.0,0.0,0.0,0.0,0.0,0.0,0.0,0.0,0.0
2016-12-10,2016-17,MEM,Away,0.0,0.0,0.0,0.0,0.0,0.0,0.0,0.0,0.0,0.0,0.0
2016-12-11,2016-17,MIN,Away,0.0,0.0,0.0,0.0,0.0,0.0,0.0,0.0,0.0,0.0,0.0
2016-12-13,2016-17,NOP,Away,0.0,0.0,0.0,0.0,0.0,0.0,0.0,0.0,0.0,0.0,0.0
2016-12-15,2016-17,NYK,Home,0.0,0.0,0.0,0.0,0.0,0.0,0.0,0.0,0.0,0.0,0.0
2016-12-17,2016-17,POR,Home,0.0,0.0,0.0,0.0,0.0,0.0,0.0,0.0,0.0,0.0,0.0
2016-12-20,2016-17,UTA,Home,0.0,0.0,0.0,0.0,0.0,0.0,0.0,0.0,0.0,0.0,0.0
2016-12-22,2016-17,BKN,Away,0.0,0.0,0.0,0.0,0.0,0.0,0.0,0.0,0.0,0.0,0.0
2016-12-23,2016-17,DET,Away,0.0,0.0,0.0,0.0,0.0,0.0,0.0,0.0,0.0,0.0,0.0
2016-12-25,2016-17,CLE,Away,0.0,0.0,0.0,0.0,0.0,0.0,0.0,0.0,0.0,0.0,0.0
2016-12-28,2016-17,TOR,Home,0.0,0.0,0.0,0.0,0.0,0.0,0.0,0.0,0.0,0.0,0.0
2016-12-30,2016-17,DAL,Home,0.0,0.0,0.0,0.0,0.0,0.0,0.0,0.0,0.0,0.0,0.0
2017-01-02,2016-17,DEN,Home,0.0,0.0,0.0,0.0,0.0,0.0,0.0,0.0,0.0,0.0,0.0
2017-01-04,2016-17,POR,Home,0.0,0.0,0.0,0.0,0.0,0.0,0.0,0.0,0.0,0.0,0.0
2017-01-06,2016-17,MEM,Home,0.0,0.0,0.0,0.0,0.0,0.0,0.0,0.0,0.0,0.0,0.0
2017-01-08,2016-17,SAC,Away,0.0,0.0,0.0,0.0,0.0,0.0,0.0,0.0,0.0,0.0,0.0
2017-01-10,2016-17,MIA,Home,0.0,0.0,0.0,0.0,0.0,0.0,0.0,0.0,0.0,0.0,0.0
2017-01-12,2016-17,DET,Home,0.0,0.0,0.0,0.0,0.0,0.0,0.0,0.0,0.0,0.0,0.0
2017-01-16,2016-17,CLE,Home,0.0,0.0,0.0,0.0,0.0,0.0,0.0,0.0,0.0,0.0,0.0
2017-01-18,2016-17,OKC,Home,0.0,0.0,0.0,0.0,0.0,0.0,0.0,0.0,0.0,0.0,0.0
2017-01-20,2016-17,HOU,Away,0.0,0.0,0.0,0.0,0.0,0.0,0.0,0.0,0.0,0.0,0.0
2017-01-22,2016-17,ORL,Away,0.0,0.0,0.0,0.0,0.0,0.0,0.0,0.0,0.0,0.0,0.0
2017-01-23,2016-17,MIA,Away,0.0,0.0,0.0,0.0,0.0,0.0,0.0,0.0,0.0,0.0,0.0
2017-01-25,2016-17,CHA,Away,0.0,0.0,0.0,0.0,0.0,0.0,0.0,0.0,0.0,0.0,0.0
2017-01-28,2016-17,LAC,Home,0.0,0.0,0.0,0.0,0.0,0.0,0.0,0.0,0.0,0.0,0.0
2017-02-01,2016-17,CHA,Home,0.0,0.0,0.0,0.0,0.0,0.0,0.0,0.0,0.0,0.0,0.0
2017-02-02,2016-17,LAC,Away,0.0,0.0,0.0,0.0,0.0,0.0,0.0,0.0,0.0,0.0,0.0
2017-02-04,2016-17,SAC,Away,0.0,0.0,0.0,0.0,0.0,0.0,0.0,0.0,0.0,0.0,0.0
2017-02-08,2016-17,CHI,Home,0.0,0.0,0.0,0.0,0.0,0.0,0.0,0.0,0.0,0.0,0.0
2017-02-10,2016-17,MEM,Away,0.0,0.0,0.0,0.0,0.0,0.0,0.0,0.0,0.0,0.0,0.0
2017-02-11,2016-17,OKC,Away,0.0,0.0,0.0,0.0,0.0,0.0,0.0,0.0,0.0,0.0,0.0
2017-02-13,2016-17,DEN,Away,0.0,0.0,0.0,0.0,0.0,0.0,0.0,0.0,0.0,0.0,0.0
2017-02-15,2016-17,SAC,Home,0.0,0.0,0.0,0.0,0.0,0.0,0.0,0.0,0.0,0.0,0.0
2017-02-23,2016-17,LAC,Home,0.0,0.0,0.0,0.0,0.0,0.0,0.0,0.0,0.0,0.0,0.0
2017-02-25,2016-17,BKN,Home,0.0,0.0,0.0,0.0,0.0,0.0,0.0,0.0,0.0,0.0,0.0
2017-02-27,2016-17,PHI,Away,0.0,0.0,0.0,0.0,0.0,0.0,0.0,0.0,0.0,0.0,0.0
2017-02-28,2016-17,WAS,Away,0.0,0.0,0.0,0.0,0.0,0.0,0.0,0.0,0.0,0.0,0.0
2017-03-02,2016-17,CHI,Away,0.0,0.0,0.0,0.0,0.0,0.0,0.0,0.0,0.0,0.0,0.0
2017-03-05,2016-17,NYK,Away,0.0,0.0,0.0,0.0,0.0,0.0,0.0,0.0,0.0,0.0,0.0
2017-03-06,2016-17,ATL,Away,0.0,0.0,0.0,0.0,0.0,0.0,0.0,0.0,0.0,0.0,0.0
2017-03-08,2016-17,BOS,Home,0.0,0.0,0.0,0.0,0.0,0.0,0.0,0.0,0.0,0.0,0.0
2017-03-10,2016-17,MIN,Away,0.0,0.0,0.0,0.0,0.0,0.0,0.0,0.0,0.0,0.0,0.0
2017-03-14,2016-17,PHI,Home,0.0,0.0,0.0,0.0,0.0,0.0,0.0,0.0,0.0,0.0,0.0
2017-03-16,2016-17,ORL,Home,0.0,0.0,0.0,0.0,0.0,0.0,0.0,0.0,0.0,0.0,0.0
2017-03-18,2016-17,MIL,Home,0.0,0.0,0.0,0.0,0.0,0.0,0.0,0.0,0.0,0.0,0.0
2017-03-20,2016-17,OKC,Away,0.0,0.0,0.0,0.0,0.0,0.0,0.0,0.0,0.0,0.0,0.0
2017-03-21,2016-17,DAL,Away,0.0,0.0,0.0,0.0,0.0,0.0,0.0,0.0,0.0,0.0,0.0
2017-03-24,2016-17,SAC,Home,0.0,0.0,0.0,0.0,0.0,0.0,0.0,0.0,0.0,0.0,0.0
2017-03-26,2016-17,MEM,Home,0.0,0.0,0.0,0.0,0.0,0.0,0.0,0.0,0.0,0.0,0.0
2017-03-28,2016-17,HOU,Away,0.0,0.0,0.0,0.0,0.0,0.0,0.0,0.0,0.0,0.0,0.0
2017-03-29,2016-17,SAS,Away,0.0,0.0,0.0,0.0,0.0,0.0,0.0,0.0,0.0,0.0,0.0
2017-03-31,2016-17,HOU,Home,0.0,0.0,0.0,0.0,0.0,0.0,0.0,0.0,0.0,0.0,0.0
2017-04-02,2016-17,WAS,Home,0.0,0.0,0.0,0.0,0.0,0.0,0.0,0.0,0.0,0.0,0.0
2017-04-04,2016-17,MIN,Home,0.0,0.0,0.0,0.0,0.0,0.0,0.0,0.0,0.0,0.0,0.0
2017-04-05,2016-17,PHX,Away,0.0,0.0,0.0,0.0,0.0,0.0,0.0,0.0,0.0,0.0,0.0
2017-04-10,2016-17,UTA,Home,0.0,0.0,0.0,0.0,0.0,0.0,0.0,0.0,0.0,0.0,0.0
2017-04-12,2016-17,LAL,Home,0.0,0.0,0.0,0.0,0.0,0.0,0.0,0.0,0.0,0.0,0.0
2017-10-17,2017-18,HOU,Home,0.0,0.0,0.0,0.0,0.0,0.0,0.0,0.0,0.0,0.0,0.0
2017-10-20,2017-18,NOP,Away,0.0,0.0,0.0,0.0,0.0,0.0,0.0,0.0,0.0,0.0,0.0
2017-10-21,2017-18,MEM,Away,0.0,0.0,0.0,0.0,0.0,0.0,0.0,0.0,0.0,0.0,0.0
2017-10-23,2017-18,DAL,Away,0.0,0.0,0.0,0.0,0.0,0.0,0.0,0.0,0.0,0.0,0.0
2017-10-25,2017-18,TOR,Home,0.0,0.0,0.0,0.0,0.0,0.0,0.0,0.0,0.0,0.0,0.0
2017-10-27,2017-18,WAS,Home,0.0,0.0,0.0,0.0,0.0,0.0,0.0,0.0,0.0,0.0,0.0
2017-10-29,2017-18,DET,Home,0.0,0.0,0.0,0.0,0.0,0.0,0.0,0.0,0.0,0.0,0.0
2017-10-30,2017-18,LAC,Away,0.0,0.0,0.0,0.0,0.0,0.0,0.0,0.0,0.0,0.0,0.0
2017-11-02,2017-18,SAS,Away,0.0,0.0,0.0,0.0,0.0,0.0,0.0,0.0,0.0,0.0,0.0
2017-11-04,2017-18,DEN,Away,0.0,0.0,0.0,0.0,0.0,0.0,0.0,0.0,0.0,0.0,0.0
2017-11-06,2017-18,MIA,Home,0.0,0.0,0.0,0.0,0.0,0.0,0.0,0.0,0.0,0.0,0.0
2017-11-08,2017-18,MIN,Home,0.0,0.0,0.0,0.0,0.0,0.0,0.0,0.0,0.0,0.0,0.0
2017-11-11,2017-18,PHI,Home,0.0,0.0,0.0,0.0,0.0,0.0,0.0,0.0,0.0,0.0,0.0
2017-11-16,2017-18,BOS,Away,0.0,0.0,0.0,0.0,0.0,0.0,0.0,0.0,0.0,0.0,0.0
2017-11-18,2017-18,PHI,Away,0.0,0.0,0.0,0.0,0.0,0.0,0.0,0.0,0.0,0.0,0.0
2017-11-19,2017-18,BKN,Away,0.0,0.0,0.0,0.0,0.0,0.0,0.0,0.0,0.0,0.0,0.0
2017-11-22,2017-18,OKC,Away,0.0,0.0,0.0,0.0,0.0,0.0,0.0,0.0,0.0,0.0,0.0
2017-11-24,2017-18,CHI,Home,0.0,0.0,0.0,0.0,0.0,0.0,0.0,0.0,0.0,0.0,0.0
2017-11-25,2017-18,NOP,Home,0.0,0.0,0.0,0.0,0.0,0.0,0.0,0.0,0.0,0.0,0.0
2017-11-29,2017-18,LAL,Away,0.0,0.0,0.0,0.0,0.0,0.0,0.0,0.0,0.0,0.0,0.0
2017-12-01,2017-18,ORL,Away,0.0,0.0,0.0,0.0,0.0,0.0,0.0,0.0,0.0,0.0,0.0
2017-12-03,2017-18,MIA,Away,0.0,0.0,0.0,0.0,0.0,0.0,0.0,0.0,0.0,0.0,0.0
2017-12-04,2017-18,NOP,Away,0.0,0.0,0.0,0.0,0.0,0.0,0.0,0.0,0.0,0.0,0.0
2017-12-30,2017-18,MEM,Home,0.0,0.0,0.0,0.0,0.0,0.0,0.0,0.0,0.0,0.0,0.0
2018-01-03,2017-18,DAL,Away,0.0,0.0,0.0,0.0,0.0,0.0,0.0,0.0,0.0,0.0,0.0
2018-01-04,2017-18,HOU,Away,0.0,0.0,0.0,0.0,0.0,0.0,0.0,0.0,0.0,0.0,0.0
2018-01-06,2017-18,LAC,Away,0.0,0.0,0.0,0.0,0.0,0.0,0.0,0.0,0.0,0.0,0.0
2018-01-08,2017-18,DEN,Home,0.0,0.0,0.0,0.0,0.0,0.0,0.0,0.0,0.0,0.0,0.0
2018-01-13,2017-18,TOR,Away,0.0,0.0,0.0,0.0,0.0,0.0,0.0,0.0,0.0,0.0,0.0
2018-01-15,2017-18,CLE,Away,0.0,0.0,0.0,0.0,0.0,0.0,0.0,0.0,0.0,0.0,0.0
2018-01-17,2017-18,CHI,Away,0.0,0.0,0.0,0.0,0.0,0.0,0.0,0.0,0.0,0.0,0.0
2018-01-20,2017-18,HOU,Away,0.0,0.0,0.0,0.0,0.0,0.0,0.0,0.0,0.0,0.0,0.0
2018-01-23,2017-18,NYK,Home,0.0,0.0,0.0,0.0,0.0,0.0,0.0,0.0,0.0,0.0,0.0
2018-01-25,2017-18,MIN,Home,0.0,0.0,0.0,0.0,0.0,0.0,0.0,0.0,0.0,0.0,0.0
2018-01-27,2017-18,BOS,Home,0.0,0.0,0.0,0.0,0.0,0.0,0.0,0.0,0.0,0.0,0.0
2018-01-30,2017-18,UTA,Away,0.0,0.0,0.0,0.0,0.0,0.0,0.0,0.0,0.0,0.0,0.0
2018-02-02,2017-18,SAC,Away,0.0,0.0,0.0,0.0,0.0,0.0,0.0,0.0,0.0,0.0,0.0
2018-02-03,2017-18,DEN,Away,0.0,0.0,0.0,0.0,0.0,0.0,0.0,0.0,0.0,0.0,0.0
2018-02-06,2017-18,OKC,Home,0.0,0.0,0.0,0.0,0.0,0.0,0.0,0.0,0.0,0.0,0.0
2018-02-08,2017-18,DAL,Home,0.0,0.0,0.0,0.0,0.0,0.0,0.0,0.0,0.0,0.0,0.0
2018-02-10,2017-18,SAS,Home,0.0,0.0,0.0,0.0,0.0,0.0,0.0,0.0,0.0,0.0,0.0
2018-02-12,2017-18,PHX,Home,0.0,0.0,0.0,0.0,0.0,0.0,0.0,0.0,0.0,0.0,0.0
2018-02-14,2017-18,POR,Away,0.0,0.0,0.0,0.0,0.0,0.0,0.0,0.0,0.0,0.0,0.0
2018-02-22,2017-18,LAC,Home,0.0,0.0,0.0,0.0,0.0,0.0,0.0,0.0,0.0,0.0,0.0
2018-02-24,2017-18,OKC,Home,0.0,0.0,0.0,0.0,0.0,0.0,0.0,0.0,0.0,0.0,0.0
2018-02-26,2017-18,NYK,Away,0.0,0.0,0.0,0.0,0.0,0.0,0.0,0.0,0.0,0.0,0.0
2018-02-28,2017-18,WAS,Away,0.0,0.0,0.0,0.0,0.0,0.0,0.0,0.0,0.0,0.0,0.0
2018-03-02,2017-18,ATL,Away,0.0,0.0,0.0,0.0,0.0,0.0,0.0,0.0,0.0,0.0,0.0
2018-03-06,2017-18,BKN,Home,0.0,0.0,0.0,0.0,0.0,0.0,0.0,0.0,0.0,0.0,0.0
2018-03-08,2017-18,SAS,Home,0.0,0.0,0.0,0.0,0.0,0.0,0.0,0.0,0.0,0.0,0.0
2018-03-23,2017-18,ATL,Home,0.0,0.0,0.0,0.0,0.0,0.0,0.0,0.0,0.0,0.0,0.0
2018-10-16,2018-19,OKC,Home,0.0,0.0,0.0,0.0,0.0,0.0,0.0,0.0,0.0,0.0,0.0
2018-10-19,2018-19,UTA,Away,0.0,0.0,0.0,0.0,0.0,0.0,0.0,0.0,0.0,0.0,0.0
2018-10-21,2018-19,DEN,Away,0.0,0.0,0.0,0.0,0.0,0.0,0.0,0.0,0.0,0.0,0.0
2018-10-22,2018-19,PHX,Home,0.0,0.0,0.0,0.0,0.0,0.0,0.0,0.0,0.0,0.0,0.0
2018-10-24,2018-19,WAS,Home,0.0,0.0,0.0,0.0,0.0,0.0,0.0,0.0,0.0,0.0,0.0
2018-10-26,2018-19,NYK,Away,0.0,0.0,0.0,0.0,0.0,0.0,0.0,0.0,0.0,0.0,0.0
2018-10-28,2018-19,BKN,Away,0.0,0.0,0.0,0.0,0.0,0.0,0.0,0.0,0.0,0.0,0.0
2018-10-29,2018-19,CHI,Away,0.0,0.0,0.0,0.0,0.0,0.0,0.0,0.0,0.0,0.0,0.0
2018-10-31,2018-19,NOP,Home,0.0,0.0,0.0,0.0,0.0,0.0,0.0,0.0,0.0,0.0,0.0
2018-11-02,2018-19,MIN,Home,0.0,0.0,0.0,0.0,0.0,0.0,0.0,0.0,0.0,0.0,0.0
2018-11-05,2018-19,MEM,Home,0.0,0.0,0.0,0.0,0.0,0.0,0.0,0.0,0.0,0.0,0.0
2018-11-08,2018-19,MIL,Home,0.0,0.0,0.0,0.0,0.0,0.0,0.0,0.0,0.0,0.0,0.0
2018-12-01,2018-19,DET,Away,0.0,0.0,0.0,0.0,0.0,0.0,0.0,0.0,0.0,0.0,0.0
2018-12-03,2018-19,ATL,Away,0.0,0.0,0.0,0.0,0.0,0.0,0.0,0.0,0.0,0.0,0.0
2018-12-05,2018-19,CLE,Away,0.0,0.0,0.0,0.0,0.0,0.0,0.0,0.0,0.0,0.0,0.0
2018-12-07,2018-19,MIL,Away,0.0,0.0,0.0,0.0,0.0,0.0,0.0,0.0,0.0,0.0,0.0
2018-12-10,2018-19,MIN,Home,0.0,0.0,0.0,0.0,0.0,0.0,0.0,0.0,0.0,0.0,0.0
2018-12-12,2018-19,TOR,Home,0.0,0.0,0.0,0.0,0.0,0.0,0.0,0.0,0.0,0.0,0.0
2018-12-14,2018-19,SAC,Away,0.0,0.0,0.0,0.0,0.0,0.0,0.0,0.0,0.0,0.0,0.0
2018-12-17,2018-19,MEM,Home,0.0,0.0,0.0,0.0,0.0,0.0,0.0,0.0,0.0,0.0,0.0
2018-12-19,2018-19,UTA,Away,0.0,0.0,0.0,0.0,0.0,0.0,0.0,0.0,0.0,0.0,0.0
2018-12-22,2018-19,DAL,Home,0.0,0.0,0.0,0.0,0.0,0.0,0.0,0.0,0.0,0.0,0.0
2018-12-23,2018-19,LAC,Home,0.0,0.0,0.0,0.0,0.0,0.0,0.0,0.0,0.0,0.0,0.0
2018-12-25,2018-19,LAL,Home,0.0,0.0,0.0,0.0,0.0,0.0,0.0,0.0,0.0,0.0,0.0
2018-12-27,2018-19,POR,Home,0.0,0.0,0.0,0.0,0.0,0.0,0.0,0.0,0.0,0.0,0.0
2018-12-29,2018-19,POR,Away,0.0,0.0,0.0,0.0,0.0,0.0,0.0,0.0,0.0,0.0,0.0
2018-12-31,2018-19,PHX,Away,0.0,0.0,0.0,0.0,0.0,0.0,0.0,0.0,0.0,0.0,0.0
2019-01-03,2018-19,HOU,Home,0.0,0.0,0.0,0.0,0.0,0.0,0.0,0.0,0.0,0.0,0.0
2019-01-05,2018-19,SAC,Away,0.0,0.0,0.0,0.0,0.0,0.0,0.0,0.0,0.0,0.0,0.0
2019-01-08,2018-19,NYK,Home,0.0,0.0,0.0,0.0,0.0,0.0,0.0,0.0,0.0,0.0,0.0
2019-01-11,2018-19,CHI,Home,0.0,0.0,0.0,0.0,0.0,0.0,0.0,0.0,0.0,0.0,0.0
2019-01-13,2018-19,DAL,Away,0.0,0.0,0.0,0.0,0.0,0.0,0.0,0.0,0.0,0.0,0.0
2019-01-15,2018-19,DEN,Away,0.0,0.0,0.0,0.0,0.0,0.0,0.0,0.0,0.0,0.0,0.0
2019-01-16,2018-19,NOP,Home,0.0,0.0,0.0,0.0,0.0,0.0,0.0,0.0,0.0,0.0,0.0
2019-01-18,2018-19,LAC,Away,0.0,0.0,0.0,0.0,0.0,0.0,0.0,0.0,0.0,0.0,0.0
2019-01-21,2018-19,LAL,Away,0.0,0.0,0.0,0.0,0.0,0.0,0.0,0.0,0.0,0.0,0.0
2019-01-24,2018-19,WAS,Away,0.0,0.0,0.0,0.0,0.0,0.0,0.0,0.0,0.0,0.0,0.0
2019-01-26,2018-19,BOS,Away,0.0,0.0,0.0,0.0,0.0,0.0,0.0,0.0,0.0,0.0,0.0
2019-01-28,2018-19,IND,Away,0.0,0.0,0.0,0.0,0.0,0.0,0.0,0.0,0.0,0.0,0.0
2019-01-31,2018-19,PHI,Home,0.0,0.0,0.0,0.0,0.0,0.0,0.0,0.0,0.0,0.0,0.0
2019-02-02,2018-19,LAL,Home,0.0,0.0,0.0,0.0,0.0,0.0,0.0,0.0,0.0,0.0,0.0
2019-02-06,2018-19,SAS,Home,0.0,0.0,0.0,0.0,0.0,0.0,0.0,0.0,0.0,0.0,0.0
2019-02-08,2018-19,PHX,Away,0.0,0.0,0.0,0.0,0.0,0.0,0.0,0.0,0.0,0.0,0.0
2019-02-10,2018-19,MIA,Home,0.0,0.0,0.0,0.0,0.0,0.0,0.0,0.0,0.0,0.0,0.0
2019-02-12,2018-19,UTA,Home,0.0,0.0,0.0,0.0,0.0,0.0,0.0,0.0,0.0,0.0,0.0
2019-02-13,2018-19,POR,Away,0.0,0.0,0.0,0.0,0.0,0.0,0.0,0.0,0.0,0.0,0.0
2019-02-21,2018-19,SAC,Home,0.0,0.0,0.0,0.0,0.0,0.0,0.0,0.0,0.0,0.0,0.0
2019-02-23,2018-19,HOU,Home,0.0,0.0,0.0,0.0,0.0,0.0,0.0,0.0,0.0,0.0,0.0
2019-02-25,2018-19,CHA,Away,0.0,0.0,0.0,0.0,0.0,0.0,0.0,0.0,0.0,0.0,0.0
2019-02-27,2018-19,MIA,Away,0.0,0.0,0.0,0.0,0.0,0.0,0.0,0.0,0.0,0.0,0.0
2019-02-28,2018-19,ORL,Away,0.0,0.0,0.0,0.0,0.0,0.0,0.0,0.0,0.0,0.0,0.0
2019-03-02,2018-19,PHI,Away,0.0,0.0,0.0,0.0,0.0,0.0,0.0,0.0,0.0,0.0,0.0
2019-03-05,2018-19,BOS,Home,0.0,0.0,0.0,0.0,0.0,0.0,0.0,0.0,0.0,0.0,0.0
2019-03-08,2018-19,DEN,Home,0.0,0.0,0.0,0.0,0.0,0.0,0.0,0.0,0.0,0.0,0.0
2019-03-10,2018-19,PHX,Home,0.0,0.0,0.0,0.0,0.0,0.0,0.0,0.0,0.0,0.0,0.0
2019-03-13,2018-19,HOU,Away,0.0,0.0,0.0,0.0,0.0,0.0,0.0,0.0,0.0,0.0,0.0
2019-03-16,2018-19,OKC,Away,0.0,0.0,0.0,0.0,0.0,0.0,0.0,0.0,0.0,0.0,0.0
2019-03-18,2018-19,SAS,Away,0.0,0.0,0.0,0.0,0.0,0.0,0.0,0.0,0.0,0.0,0.0
2019-03-19,2018-19,MIN,Away,0.0,0.0,0.0,0.0,0.0,0.0,0.0,0.0,0.0,0.0,0.0
2019-03-21,2018-19,IND,Home,0.0,0.0,0.0,0.0,0.0,0.0,0.0,0.0,0.0,0.0,0.0
2019-03-24,2018-19,DET,Home,0.0,0.0,0.0,0.0,0.0,0.0,0.0,0.0,0.0,0.0,0.0
2019-03-27,2018-19,MEM,Away,0.0,0.0,0.0,0.0,0.0,0.0,0.0,0.0,0.0,0.0,0.0
2019-03-29,2018-19,MIN,Away,0.0,0.0,0.0,0.0,0.0,0.0,0.0,0.0,0.0,0.0,0.0
2019-03-31,2018-19,CHA,Home,0.0,0.0,0.0,0.0,0.0,0.0,0.0,0.0,0.0,0.0,0.0
2019-04-02,2018-19,DEN,Home,0.0,0.0,0.0,0.0,0.0,0.0,0.0,0.0,0.0,0.0,0.0
2019-04-04,2018-19,LAL,Away,0.0,0.0,0.0,0.0,0.0,0.0,0.0,0.0,0.0,0.0,0.0
2019-04-05,2018-19,CLE,Home,0.0,0.0,0.0,0.0,0.0,0.0,0.0,0.0,0.0,0.0,0.0
2019-04-07,2018-19,LAC,Home,0.0,0.0,0.0,0.0,0.0,0.0,0.0,0.0,0.0,0.0,0.0
2019-04-09,2018-19,NOP,Away,0.0,0.0,0.0,0.0,0.0,0.0,0.0,0.0,0.0,0.0,0.0
2019-10-24,2019-20,LAC,Home,0.0,0.0,0.0,0.0,0.0,0.0,0.0,0.0,0.0,0.0,0.0
2019-10-27,2019-20,OKC,Away,0.0,0.0,0.0,0.0,0.0,0.0,0.0,0.0,0.0,0.0,0.0
2019-10-28,2019-20,NOP,Away,0.0,0.0,0.0,0.0,0.0,0.0,0.0,0.0,0.0,0.0,0.0
2019-10-30,2019-20,PHX,Home,0.0,0.0,0.0,0.0,0.0,0.0,0.0,0.0,0.0,0.0,0.0
2020-03-05,2019-20,TOR,Home,0.0,0.0,0.0,0.0,0.0,0.0,0.0,0.0,0.0,0.0,0.0
2020-12-22,2020-21,BKN,Away,0.0,0.0,0.0,0.0,0.0,0.0,0.0,0.0,0.0,0.0,0.0
2020-12-25,2020-21,MIL,Away,0.0,0.0,0.0,0.0,0.0,0.0,0.0,0.0,0.0,0.0,0.0
2020-12-27,2020-21,CHI,Away,0.0,0.0,0.0,0.0,0.0,0.0,0.0,0.0,0.0,0.0,0.0
2020-12-29,2020-21,DET,Away,0.0,0.0,0.0,0.0,0.0,0.0,0.0,0.0,0.0,0.0,0.0
2021-01-01,2020-21,POR,Home,0.0,0.0,0.0,0.0,0.0,0.0,0.0,0.0,0.0,0.0,0.0
2021-01-03,2020-21,POR,Home,0.0,0.0,0.0,0.0,0.0,0.0,0.0,0.0,0.0,0.0,0.0
2021-01-04,2020-21,SAC,Home,0.0,0.0,0.0,0.0,0.0,0.0,0.0,0.0,0.0,0.0,0.0
2021-01-06,2020-21,LAC,Home,0.0,0.0,0.0,0.0,0.0,0.0,0.0,0.0,0.0,0.0,0.0
2021-01-08,2020-21,LAC,Home,0.0,0.0,0.0,0.0,0.0,0.0,0.0,0.0,0.0,0.0,0.0
2021-01-10,2020-21,TOR,Home,0.0,0.0,0.0,0.0,0.0,0.0,0.0,0.0,0.0,0.0,0.0
2021-01-12,2020-21,IND,Home,0.0,0.0,0.0,0.0,0.0,0.0,0.0,0.0,0.0,0.0,0.0
2021-01-14,2020-21,DEN,Away,0.0,0.0,0.0,0.0,0.0,0.0,0.0,0.0,0.0,0.0,0.0
2021-01-18,2020-21,LAL,Away,0.0,0.0,0.0,0.0,0.0,0.0,0.0,0.0,0.0,0.0,0.0
2021-01-20,2020-21,SAS,Home,0.0,0.0,0.0,0.0,0.0,0.0,0.0,0.0,0.0,0.0,0.0
2021-01-21,2020-21,NYK,Home,0.0,0.0,0.0,0.0,0.0,0.0,0.0,0.0,0.0,0.0,0.0
2021-01-23,2020-21,UTA,Away,0.0,0.0,0.0,0.0,0.0,0.0,0.0,0.0,0.0,0.0,0.0
2021-01-25,2020-21,MIN,Home,0.0,0.0,0.0,0.0,0.0,0.0,0.0,0.0,0.0,0.0,0.0
2021-01-27,2020-21,MIN,Home,0.0,0.0,0.0,0.0,0.0,0.0,0.0,0.0,0.0,0.0,0.0
2021-01-28,2020-21,PHX,Away,0.0,0.0,0.0,0.0,0.0,0.0,0.0,0.0,0.0,0.0,0.0
2021-01-30,2020-21,DET,Home,0.0,0.0,0.0,0.0,0.0,0.0,0.0,0.0,0.0,0.0,0.0
2021-02-02,2020-21,BOS,Home,0.0,0.0,0.0,0.0,0.0,0.0,0.0,0.0,0.0,0.0,0.0
2021-02-04,2020-21,DAL,Away,0.0,0.0,0.0,0.0,0.0,0.0,0.0,0.0,0.0,0.0,0.0
2021-02-06,2020-21,DAL,Away,0.0,0.0,0.0,0.0,0.0,0.0,0.0,0.0,0.0,0.0,0.0
2021-02-08,2020-21,SAS,Away,0.0,0.0,0.0,0.0,0.0,0.0,0.0,0.0,0.0,0.0,0.0
2021-02-09,2020-21,SAS,Away,0.0,0.0,0.0,0.0,0.0,0.0,0.0,0.0,0.0,0.0,0.0
2021-02-11,2020-21,ORL,Home,0.0,0.0,0.0,0.0,0.0,0.0,0.0,0.0,0.0,0.0,0.0
2021-02-13,2020-21,BKN,Home,0.0,0.0,0.0,0.0,0.0,0.0,0.0,0.0,0.0,0.0,0.0
2021-02-15,2020-21,CLE,Home,0.0,0.0,0.0,0.0,0.0,0.0,0.0,0.0,0.0,0.0,0.0
2021-02-17,2020-21,MIA,Home,0.0,0.0,0.0,0.0,0.0,0.0,0.0,0.0,0.0,0.0,0.0
2021-02-19,2020-21,ORL,Away,0.0,0.0,0.0,0.0,0.0,0.0,0.0,0.0,0.0,0.0,0.0
2021-02-23,2020-21,NYK,Away,0.0,0.0,0.0,0.0,0.0,0.0,0.0,0.0,0.0,0.0,0.0
2021-02-24,2020-21,IND,Away,0.0,0.0,0.0,0.0,0.0,0.0,0.0,0.0,0.0,0.0,0.0
2021-02-26,2020-21,CHA,Home,0.0,0.0,0.0,0.0,0.0,0.0,0.0,0.0,0.0,0.0,0.0
2021-02-28,2020-21,LAL,Away,0.0,0.0,0.0,0.0,0.0,0.0,0.0,0.0,0.0,0.0,0.0
2021-03-03,2020-21,POR,Away,0.0,0.0,0.0,0.0,0.0,0.0,0.0,0.0,0.0,0.0,0.0
2021-03-11,2020-21,LAC,Away,0.0,0.0,0.0,0.0,0.0,0.0,0.0,0.0,0.0,0.0,0.0
2021-03-14,2020-21,UTA,Home,0.0,0.0,0.0,0.0,0.0,0.0,0.0,0.0,0.0,0.0,0.0
2021-03-15,2020-21,LAL,Home,0.0,0.0,0.0,0.0,0.0,0.0,0.0,0.0,0.0,0.0,0.0
2021-03-17,2020-21,HOU,Away,0.0,0.0,0.0,0.0,0.0,0.0,0.0,0.0,0.0,0.0,0.0
2021-03-29,2020-21,CHI,Home,0.0,0.0,0.0,0.0,0.0,0.0,0.0,0.0,0.0,0.0,0.0
2021-04-01,2020-21,MIA,Away,0.0,0.0,0.0,0.0,0.0,0.0,0.0,0.0,0.0,0.0,0.0
2021-04-04,2020-21,ATL,Away,0.0,0.0,0.0,0.0,0.0,0.0,0.0,0.0,0.0,0.0,0.0
2021-04-06,2020-21,MIL,Home,0.0,0.0,0.0,0.0,0.0,0.0,0.0,0.0,0.0,0.0,0.0
2021-04-09,2020-21,WAS,Home,0.0,0.0,0.0,0.0,0.0,0.0,0.0,0.0,0.0,0.0,0.0
2021-04-10,2020-21,HOU,Home,0.0,0.0,0.0,0.0,0.0,0.0,0.0,0.0,0.0,0.0,0.0
2021-04-12,2020-21,DEN,Home,0.0,0.0,0.0,0.0,0.0,0.0,0.0,0.0,0.0,0.0,0.0
2021-04-14,2020-21,OKC,Away,0.0,0.0,0.0,0.0,0.0,0.0,0.0,0.0,0.0,0.0,0.0
2021-04-15,2020-21,CLE,Away,0.0,0.0,0.0,0.0,0.0,0.0,0.0,0.0,0.0,0.0,0.0
2021-04-17,2020-21,BOS,Away,0.0,0.0,0.0,0.0,0.0,0.0,0.0,0.0,0.0,0.0,0.0
2021-04-19,2020-21,PHI,Away,0.0,0.0,0.0,0.0,0.0,0.0,0.0,0.0,0.0,0.0,0.0
2021-04-21,2020-21,WAS,Away,0.0,0.0,0.0,0.0,0.0,0.0,0.0,0.0,0.0,0.0,0.0
2021-04-23,2020-21,DEN,Home,0.0,0.0,0.0,0.0,0.0,0.0,0.0,0.0,0.0,0.0,0.0
2021-04-25,2020-21,SAC,Home,0.0,0.0,0.0,0.0,0.0,0.0,0.0,0.0,0.0,0.0,0.0
2021-04-27,2020-21,DAL,Home,0.0,0.0,0.0,0.0,0.0,0.0,0.0,0.0,0.0,0.0,0.0
2021-04-29,2020-21,MIN,Away,0.0,0.0,0.0,0.0,0.0,0.0,0.0,0.0,0.0,0.0,0.0
2021-05-01,2020-21,HOU,Away,0.0,0.0,0.0,0.0,0.0,0.0,0.0,0.0,0.0,0.0,0.0
2021-05-03,2020-21,NOP,Away,0.0,0.0,0.0,0.0,0.0,0.0,0.0,0.0,0.0,0.0,0.0
2021-05-04,2020-21,NOP,Away,0.0,0.0,0.0,0.0,0.0,0.0,0.0,0.0,0.0,0.0,0.0
2021-05-06,2020-21,OKC,Home,0.0,0.0,0.0,0.0,0.0,0.0,0.0,0.0,0.0,0.0,0.0
2021-05-08,2020-21,OKC,Home,0.0,0.0,0.0,0.0,0.0,0.0,0.0,0.0,0.0,0.0,0.0
2021-05-10,2020-21,UTA,Home,0.0,0.0,0.0,0.0,0.0,0.0,0.0,0.0,0.0,0.0,0.0
2021-05-11,2020-21,PHX,Home,0.0,0.0,0.0,0.0,0.0,0.0,0.0,0.0,0.0,0.0,0.0
2021-05-16,2020-21,MEM,Home,0.0,0.0,0.0,0.0,0.0,0.0,0.0,0.0,0.0,0.0,0.0
2021-10-19,2021-22,LAL,Away,0.0,0.0,0.0,0.0,0.0,0.0,0.0,0.0,0.0,0.0,0.0
2021-10-21,2021-22,LAC,Home,0.0,0.0,0.0,0.0,0.0,0.0,0.0,0.0,0.0,0.0,0.0
2021-10-24,2021-22,SAC,Away,0.0,0.0,0.0,0.0,0.0,0.0,0.0,0.0,0.0,0.0,0.0
2021-10-26,2021-22,OKC,Away,0.0,0.0,0.0,0.0,0.0,0.0,0.0,0.0,0.0,0.0,0.0
2021-10-28,2021-22,MEM,Home,0.0,0.0,0.0,0.0,0.0,0.0,0.0,0.0,0.0,0.0,0.0
2021-10-30,2021-22,OKC,Home,0.0,0.0,0.0,0.0,0.0,0.0,0.0,0.0,0.0,0.0,0.0
2021-11-03,2021-22,CHA,Home,0.0,0.0,0.0,0.0,0.0,0.0,0.0,0.0,0.0,0.0,0.0
2021-11-05,2021-22,NOP,Home,0.0,0.0,0.0,0.0,0.0,0.0,0.0,0.0,0.0,0.0,0.0
2021-11-07,2021-22,HOU,Home,0.0,0.0,0.0,0.0,0.0,0.0,0.0,0.0,0.0,0.0,0.0
2021-11-08,2021-22,ATL,Home,0.0,0.0,0.0,0.0,0.0,0.0,0.0,0.0,0.0,0.0,0.0
2021-11-10,2021-22,MIN,Home,0.0,0.0,0.0,0.0,0.0,0.0,0.0,0.0,0.0,0.0,0.0
2021-11-12,2021-22,CHI,Home,0.0,0.0,0.0,0.0,0.0,0.0,0.0,0.0,0.0,0.0,0.0
2021-11-14,2021-22,CHA,Away,0.0,0.0,0.0,0.0,0.0,0.0,0.0,0.0,0.0,0.0,0.0
2021-11-16,2021-22,BKN,Away,0.0,0.0,0.0,0.0,0.0,0.0,0.0,0.0,0.0,0.0,0.0
2021-11-18,2021-22,CLE,Away,0.0,0.0,0.0,0.0,0.0,0.0,0.0,0.0,0.0,0.0,0.0
2021-11-21,2021-22,TOR,Home,0.0,0.0,0.0,0.0,0.0,0.0,0.0,0.0,0.0,0.0,0.0
2021-11-24,2021-22,PHI,Home,0.0,0.0,0.0,0.0,0.0,0.0,0.0,0.0,0.0,0.0,0.0
2021-11-26,2021-22,POR,Home,0.0,0.0,0.0,0.0,0.0,0.0,0.0,0.0,0.0,0.0,0.0
2021-11-28,2021-22,LAC,Away,0.0,0.0,0.0,0.0,0.0,0.0,0.0,0.0,0.0,0.0,0.0
2021-11-30,2021-22,PHX,Away,0.0,0.0,0.0,0.0,0.0,0.0,0.0,0.0,0.0,0.0,0.0
2021-12-03,2021-22,PHX,Home,0.0,0.0,0.0,0.0,0.0,0.0,0.0,0.0,0.0,0.0,0.0
2021-12-04,2021-22,SAS,Home,0.0,0.0,0.0,0.0,0.0,0.0,0.0,0.0,0.0,0.0,0.0
2021-12-06,2021-22,ORL,Home,0.0,0.0,0.0,0.0,0.0,0.0,0.0,0.0,0.0,0.0,0.0
2021-12-08,2021-22,POR,Home,0.0,0.0,0.0,0.0,0.0,0.0,0.0,0.0,0.0,0.0,0.0
2021-12-11,2021-22,PHI,Away,0.0,0.0,0.0,0.0,0.0,0.0,0.0,0.0,0.0,0.0,0.0
2021-12-13,2021-22,IND,Away,0.0,0.0,0.0,0.0,0.0,0.0,0.0,0.0,0.0,0.0,0.0
2021-12-14,2021-22,NYK,Away,0.0,0.0,0.0,0.0,0.0,0.0,0.0,0.0,0.0,0.0,0.0
2021-12-17,2021-22,BOS,Away,0.0,0.0,0.0,0.0,0.0,0.0,0.0,0.0,0.0,0.0,0.0
2021-12-20,2021-22,SAC,Home,0.0,0.0,0.0,0.0,0.0,0.0,0.0,0.0,0.0,0.0,0.0
2021-12-23,2021-22,MEM,Home,0.0,0.0,0.0,0.0,0.0,0.0,0.0,0.0,0.0,0.0,0.0
2021-12-25,2021-22,PHX,Away,0.0,0.0,0.0,0.0,0.0,0.0,0.0,0.0,0.0,0.0,0.0
2021-12-28,2021-22,DEN,Home,0.0,0.0,0.0,0.0,0.0,0.0,0.0,0.0,0.0,0.0,0.0
2022-01-01,2021-22,UTA,Away,0.0,0.0,0.0,0.0,0.0,0.0,0.0,0.0,0.0,0.0,0.0
2022-01-03,2021-22,MIA,Home,0.0,0.0,0.0,0.0,0.0,0.0,0.0,0.0,0.0,0.0,0.0
2022-01-05,2021-22,DAL,Away,0.0,0.0,0.0,0.0,0.0,0.0,0.0,0.0,0.0,0.0,0.0
2022-01-09,2021-22,CLE,Home,0.0,0.0,0.0,0.0,0.0,0.0,0.0,0.0,0.0,0.0,0.0
2022-01-11,2021-22,MEM,Away,0.0,0.0,0.0,0.0,0.0,0.0,0.0,0.0,0.0,0.0,0.0
2022-01-13,2021-22,MIL,Away,0.0,0.0,0.0,0.0,0.0,0.0,0.0,0.0,0.0,0.0,0.0
2022-01-14,2021-22,CHI,Away,0.0,0.0,0.0,0.0,0.0,0.0,0.0,0.0,0.0,0.0,0.0
2022-01-18,2021-22,DET,Home,0.0,0.0,0.0,0.0,0.0,0.0,0.0,0.0,0.0,0.0,0.0
2022-01-20,2021-22,IND,Home,0.0,0.0,0.0,0.0,0.0,0.0,0.0,0.0,0.0,0.0,0.0
2022-01-21,2021-22,HOU,Home,0.0,0.0,0.0,0.0,0.0,0.0,0.0,0.0,0.0,0.0,0.0
2022-01-23,2021-22,UTA,Home,0.0,0.0,0.0,0.0,0.0,0.0,0.0,0.0,0.0,0.0,0.0
2022-01-25,2021-22,DAL,Home,0.0,0.0,0.0,0.0,0.0,0.0,0.0,0.0,0.0,0.0,0.0
2022-01-27,2021-22,MIN,Home,0.0,0.0,0.0,0.0,0.0,0.0,0.0,0.0,0.0,0.0,0.0
2022-01-29,2021-22,BKN,Home,0.0,0.0,0.0,0.0,0.0,0.0,0.0,0.0,0.0,0.0,0.0
2022-01-31,2021-22,HOU,Away,0.0,0.0,0.0,0.0,0.0,0.0,0.0,0.0,0.0,0.0,0.0
2022-02-03,2021-22,SAC,Home,0.0,0.0,0.0,0.0,0.0,0.0,0.0,0.0,0.0,0.0,0.0
2022-02-07,2021-22,OKC,Away,0.0,0.0,0.0,0.0,0.0,0.0,0.0,0.0,0.0,0.0,0.0
2022-02-09,2021-22,UTA,Away,0.0,0.0,0.0,0.0,0.0,0.0,0.0,0.0,0.0,0.0,0.0
2022-02-10,2021-22,NYK,Home,0.0,0.0,0.0,0.0,0.0,0.0,0.0,0.0,0.0,0.0,0.0
2022-02-12,2021-22,LAL,Home,0.0,0.0,0.0,0.0,0.0,0.0,0.0,0.0,0.0,0.0,0.0
2022-02-14,2021-22,LAC,Away,0.0,0.0,0.0,0.0,0.0,0.0,0.0,0.0,0.0,0.0,0.0
2022-02-16,2021-22,DEN,Home,0.0,0.0,0.0,0.0,0.0,0.0,0.0,0.0,0.0,0.0,0.0
2022-02-24,2021-22,POR,Away,0.0,0.0,0.0,0.0,0.0,0.0,0.0,0.0,0.0,0.0,0.0
2022-02-27,2021-22,DAL,Home,0.0,0.0,0.0,0.0,0.0,0.0,0.0,0.0,0.0,0.0,0.0
2022-03-01,2021-22,MIN,Away,0.0,0.0,0.0,0.0,0.0,0.0,0.0,0.0,0.0,0.0,0.0
2022-03-03,2021-22,DAL,Away,0.0,0.0,0.0,0.0,0.0,0.0,0.0,0.0,0.0,0.0,0.0
2022-03-05,2021-22,LAL,Away,0.0,0.0,0.0,0.0,0.0,0.0,0.0,0.0,0.0,0.0,0.0
2022-03-08,2021-22,LAC,Home,0.0,0.0,0.0,0.0,0.0,0.0,0.0,0.0,0.0,0.0,0.0
2022-03-10,2021-22,DEN,Away,0.0,0.0,0.0,0.0,0.0,0.0,0.0,0.0,0.0,0.0,0.0
2022-03-12,2021-22,MIL,Home,0.0,0.0,0.0,0.0,0.0,0.0,0.0,0.0,0.0,0.0,0.0
2022-03-14,2021-22,WAS,Home,0.0,0.0,0.0,0.0,0.0,0.0,0.0,0.0,0.0,0.0,0.0
2022-03-16,2021-22,BOS,Home,0.0,0.0,0.0,0.0,0.0,0.0,0.0,0.0,0.0,0.0,0.0
2022-10-18,2022-23,LAL,Home,0.0,0.0,0.0,0.0,0.0,0.0,0.0,0.0,0.0,0.0,0.0
2022-10-21,2022-23,DEN,Home,0.0,0.0,0.0,0.0,0.0,0.0,0.0,0.0,0.0,0.0,0.0
2022-10-23,2022-23,SAC,Home,0.0,0.0,0.0,0.0,0.0,0.0,0.0,0.0,0.0,0.0,0.0
2022-10-25,2022-23,PHX,Away,0.0,0.0,0.0,0.0,0.0,0.0,0.0,0.0,0.0,0.0,0.0
2022-10-27,2022-23,MIA,Home,0.0,0.0,0.0,0.0,0.0,0.0,0.0,0.0,0.0,0.0,0.0
2022-10-29,2022-23,CHA,Away,0.0,0.0,0.0,0.0,0.0,0.0,0.0,0.0,0.0,0.0,0.0
2022-10-30,2022-23,DET,Away,0.0,0.0,0.0,0.0,0.0,0.0,0.0,0.0,0.0,0.0,0.0
2022-11-01,2022-23,MIA,Away,0.0,0.0,0.0,0.0,0.0,0.0,0.0,0.0,0.0,0.0,0.0
2022-11-03,2022-23,ORL,Away,0.0,0.0,0.0,0.0,0.0,0.0,0.0,0.0,0.0,0.0,0.0
2022-11-07,2022-23,SAC,Home,0.0,0.0,0.0,0.0,0.0,0.0,0.0,0.0,0.0,0.0,0.0
2022-11-11,2022-23,CLE,Home,0.0,0.0,0.0,0.0,0.0,0.0,0.0,0.0,0.0,0.0,0.0
2022-11-13,2022-23,SAC,Away,0.0,0.0,0.0,0.0,0.0,0.0,0.0,0.0,0.0,0.0,0.0
2022-11-14,2022-23,SAS,Home,0.0,0.0,0.0,0.0,0.0,0.0,0.0,0.0,0.0,0.0,0.0
2022-11-16,2022-23,PHX,Away,0.0,0.0,0.0,0.0,0.0,0.0,0.0,0.0,0.0,0.0,0.0
2022-11-18,2022-23,NYK,Home,0.0,0.0,0.0,0.0,0.0,0.0,0.0,0.0,0.0,0.0,0.0
2022-11-20,2022-23,HOU,Away,0.0,0.0,0.0,0.0,0.0,0.0,0.0,0.0,0.0,0.0,0.0
2022-11-23,2022-23,LAC,Home,0.0,0.0,0.0,0.0,0.0,0.0,0.0,0.0,0.0,0.0,0.0
2022-11-25,2022-23,UTA,Home,0.0,0.0,0.0,0.0,0.0,0.0,0.0,0.0,0.0,0.0,0.0
2022-11-27,2022-23,MIN,Away,0.0,0.0,0.0,0.0,0.0,0.0,0.0,0.0,0.0,0.0,0.0
2022-11-29,2022-23,DAL,Away,0.0,0.0,0.0,0.0,0.0,0.0,0.0,0.0,0.0,0.0,0.0
2022-12-02,2022-23,CHI,Home,0.0,0.0,0.0,0.0,0.0,0.0,0.0,0.0,0.0,0.0,0.0
2022-12-03,2022-23,HOU,Home,0.0,0.0,0.0,0.0,0.0,0.0,0.0,0.0,0.0,0.0,0.0
2022-12-05,2022-23,IND,Home,0.0,0.0,0.0,0.0,0.0,0.0,0.0,0.0,0.0,0.0,0.0
2022-12-10,2022-23,BOS,Home,0.0,0.0,0.0,0.0,0.0,0.0,0.0,0.0,0.0,0.0,0.0
2022-12-13,2022-23,MIL,Away,0.0,0.0,0.0,0.0,0.0,0.0,0.0,0.0,0.0,0.0,0.0
2022-12-14,2022-23,IND,Away,0.0,0.0,0.0,0.0,0.0,0.0,0.0,0.0,0.0,0.0,0.0
2023-01-10,2022-23,PHX,Home,0.0,0.0,0.0,0.0,0.0,0.0,0.0,0.0,0.0,0.0,0.0
2023-01-13,2022-23,SAS,Away,0.0,0.0,0.0,0.0,0.0,0.0,0.0,0.0,0.0,0.0,0.0
2023-01-15,2022-23,CHI,Away,0.0,0.0,0.0,0.0,0.0,0.0,0.0,0.0,0.0,0.0,0.0
2023-01-16,2022-23,WAS,Away,0.0,0.0,0.0,0.0,0.0,0.0,0.0,0.0,0.0,0.0,0.0
2023-01-19,2022-23,BOS,Away,0.0,0.0,0.0,0.0,0.0,0.0,0.0,0.0,0.0,0.0,0.0
2023-01-22,2022-23,BKN,Home,0.0,0.0,0.0,0.0,0.0,0.0,0.0,0.0,0.0,0.0,0.0
2023-01-25,2022-23,MEM,Home,0.0,0.0,0.0,0.0,0.0,0.0,0.0,0.0,0.0,0.0,0.0
2023-01-27,2022-23,TOR,Home,0.0,0.0,0.0,0.0,0.0,0.0,0.0,0.0,0.0,0.0,0.0
2023-01-30,2022-23,OKC,Away,0.0,0.0,0.0,0.0,0.0,0.0,0.0,0.0,0.0,0.0,0.0
2023-02-01,2022-23,MIN,Away,0.0,0.0,0.0,0.0,0.0,0.0,0.0,0.0,0.0,0.0,0.0
2023-02-02,2022-23,DEN,Away,0.0,0.0,0.0,0.0,0.0,0.0,0.0,0.0,0.0,0.0,0.0
2023-02-04,2022-23,DAL,Home,0.0,0.0,0.0,0.0,0.0,0.0,0.0,0.0,0.0,0.0,0.0
2023-03-05,2022-23,LAL,Away,0.0,0.0,0.0,0.0,0.0,0.0,0.0,0.0,0.0,0.0,0.0
2023-03-07,2022-23,OKC,Away,0.0,0.0,0.0,0.0,0.0,0.0,0.0,0.0,0.0,0.0,0.0
2023-03-09,2022-23,MEM,Away,0.0,0.0,0.0,0.0,0.0,0.0,0.0,0.0,0.0,0.0,0.0
2023-03-11,2022-23,MIL,Home,0.0,0.0,0.0,0.0,0.0,0.0,0.0,0.0,0.0,0.0,0.0
2023-03-13,2022-23,PHX,Home,0.0,0.0,0.0,0.0,0.0,0.0,0.0,0.0,0.0,0.0,0.0
2023-03-15,2022-23,LAC,Away,0.0,0.0,0.0,0.0,0.0,0.0,0.0,0.0,0.0,0.0,0.0
2023-03-17,2022-23,ATL,Away,0.0,0.0,0.0,0.0,0.0,0.0,0.0,0.0,0.0,0.0,0.0
2023-03-18,2022-23,MEM,Away,0.0,0.0,0.0,0.0,0.0,0.0,0.0,0.0,0.0,0.0,0.0
2023-03-20,2022-23,HOU,Away,0.0,0.0,0.0,0.0,0.0,0.0,0.0,0.0,0.0,0.0,0.0
2023-03-22,2022-23,DAL,Away,0.0,0.0,0.0,0.0,0.0,0.0,0.0,0.0,0.0,0.0,0.0
2023-03-24,2022-23,PHI,Home,0.0,0.0,0.0,0.0,0.0,0.0,0.0,0.0,0.0,0.0,0.0
2023-03-26,2022-23,MIN,Home,0.0,0.0,0.0,0.0,0.0,0.0,0.0,0.0,0.0,0.0,0.0
2023-03-28,2022-23,NOP,Home,0.0,0.0,0.0,0.0,0.0,0.0,0.0,0.0,0.0,0.0,0.0
2023-03-31,2022-23,SAS,Home,0.0,0.0,0.0,0.0,0.0,0.0,0.0,0.0,0.0,0.0,0.0
2023-04-02,2022-23,DEN,Away,0.0,0.0,0.0,0.0,0.0,0.0,0.0,0.0,0.0,0.0,0.0
2023-04-04,2022-23,OKC,Home,0.0,0.0,0.0,0.0,0.0,0.0,0.0,0.0,0.0,0.0,0.0
2023-04-07,2022-23,SAC,Away,0.0,0.0,0.0,0.0,0.0,0.0,0.0,0.0,0.0,0.0,0.0
2023-04-09,2022-23,POR,Away,0.0,0.0,0.0,0.0,0.0,0.0,0.0,0.0,0.0,0.0,0.0
2023-10-24,2023-24,PHX,Home,0.0,0.0,0.0,0.0,0.0,0.0,0.0,0.0,0.0,0.0,0.0
2023-10-27,2023-24,SAC,Away,0.0,0.0,0.0,0.0,0.0,0.0,0.0,0.0,0.0,0.0,0.0
2023-10-29,2023-24,HOU,Away,0.0,0.0,0.0,0.0,0.0,0.0,0.0,0.0,0.0,0.0,0.0
2023-10-30,2023-24,NOP,Away,0.0,0.0,0.0,0.0,0.0,0.0,0.0,0.0,0.0,0.0,0.0
2023-11-01,2023-24,SAC,Home,0.0,0.0,0.0,0.0,0.0,0.0,0.0,0.0,0.0,0.0,0.0
2023-11-03,2023-24,OKC,Away,0.0,0.0,0.0,0.0,0.0,0.0,0.0,0.0,0.0,0.0,0.0
2023-11-05,2023-24,CLE,Away,0.0,0.0,0.0,0.0,0.0,0.0,0.0,0.0,0.0,0.0,0.0
2023-11-06,2023-24,DET,Away,0.0,0.0,0.0,0.0,0.0,0.0,0.0,0.0,0.0,0.0,0.0
2023-11-08,2023-24,DEN,Away,0.0,0.0,0.0,0.0,0.0,0.0,0.0,0.0,0.0,0.0,0.0
2023-11-11,2023-24,CLE,Home,0.0,0.0,0.0,0.0,0.0,0.0,0.0,0.0,0.0,0.0,0.0
2023-11-12,2023-24,MIN,Home,0.0,0.0,0.0,0.0,0.0,0.0,0.0,0.0,0.0,0.0,0.0
2023-11-18,2023-24,OKC,Home,0.0,0.0,0.0,0.0,0.0,0.0,0.0,0.0,0.0,0.0,0.0
2023-11-20,2023-24,HOU,Home,0.0,0.0,0.0,0.0,0.0,0.0,0.0,0.0,0.0,0.0,0.0
2023-11-22,2023-24,PHX,Away,0.0,0.0,0.0,0.0,0.0,0.0,0.0,0.0,0.0,0.0,0.0
2023-11-24,2023-24,SAS,Home,0.0,0.0,0.0,0.0,0.0,0.0,0.0,0.0,0.0,0.0,0.0
2023-11-28,2023-24,SAC,Away,0.0,0.0,0.0,0.0,0.0,0.0,0.0,0.0,0.0,0.0,0.0
2023-11-30,2023-24,LAC,Home,0.0,0.0,0.0,0.0,0.0,0.0,0.0,0.0,0.0,0.0,0.0
2023-12-02,2023-24,LAC,Away,0.0,0.0,0.0,0.0,0.0,0.0,0.0,0.0,0.0,0.0,0.0
2023-12-06,2023-24,POR,Home,0.0,0.0,0.0,0.0,0.0,0.0,0.0,0.0,0.0,0.0,0.0
2023-12-08,2023-24,OKC,Away,0.0,0.0,0.0,0.0,0.0,0.0,0.0,0.0,0.0,0.0,0.0
2023-12-12,2023-24,PHX,Away,0.0,0.0,0.0,0.0,0.0,0.0,0.0,0.0,0.0,0.0,0.0
2023-12-14,2023-24,LAC,Away,0.0,0.0,0.0,0.0,0.0,0.0,0.0,0.0,0.0,0.0,0.0
2023-12-16,2023-24,BKN,Home,0.0,0.0,0.0,0.0,0.0,0.0,0.0,0.0,0.0,0.0,0.0
2023-12-17,2023-24,POR,Away,0.0,0.0,0.0,0.0,0.0,0.0,0.0,0.0,0.0,0.0,0.0
2023-12-19,2023-24,BOS,Home,0.0,0.0,0.0,0.0,0.0,0.0,0.0,0.0,0.0,0.0,0.0
2023-12-22,2023-24,WAS,Home,0.0,0.0,0.0,0.0,0.0,0.0,0.0,0.0,0.0,0.0,0.0
2023-12-23,2023-24,POR,Home,0.0,0.0,0.0,0.0,0.0,0.0,0.0,0.0,0.0,0.0,0.0
2023-12-25,2023-24,DEN,Away,0.0,0.0,0.0,0.0,0.0,0.0,0.0,0.0,0.0,0.0,0.0
2023-12-28,2023-24,MIA,Home,0.0,0.0,0.0,0.0,0.0,0.0,0.0,0.0,0.0,0.0,0.0
2023-12-30,2023-24,DAL,Home,0.0,0.0,0.0,0.0,0.0,0.0,0.0,0.0,0.0,0.0,0.0
2024-01-02,2023-24,ORL,Home,0.0,0.0,0.0,0.0,0.0,0.0,0.0,0.0,0.0,0.0,0.0
2024-01-04,2023-24,DEN,Home,0.0,0.0,0.0,0.0,0.0,0.0,0.0,0.0,0.0,0.0,0.0
2024-01-05,2023-24,DET,Home,0.0,0.0,0.0,0.0,0.0,0.0,0.0,0.0,0.0,0.0,0.0
2024-01-07,2023-24,TOR,Home,0.0,0.0,0.0,0.0,0.0,0.0,0.0,0.0,0.0,0.0,0.0
2024-01-10,2023-24,NOP,Home,0.0,0.0,0.0,0.0,0.0,0.0,0.0,0.0,0.0,0.0,0.0
2024-01-12,2023-24,CHI,Away,0.0,0.0,0.0,0.0,0.0,0.0,0.0,0.0,0.0,0.0,0.0
2024-01-15,2023-24,MEM,Away,0.0,0.0,0.0,0.0,0.0,0.0,0.0,0.0,0.0,0.0,0.0
2024-01-24,2023-24,ATL,Home,0.0,0.0,0.0,0.0,0.0,0.0,0.0,0.0,0.0,0.0,0.0
2024-01-25,2023-24,SAC,Home,0.0,0.0,0.0,0.0,0.0,0.0,0.0,0.0,0.0,0.0,0.0
2024-01-27,2023-24,LAL,Home,0.0,0.0,0.0,0.0,0.0,0.0,0.0,0.0,0.0,0.0,0.0
2024-01-30,2023-24,PHI,Home,0.0,0.0,0.0,0.0,0.0,0.0,0.0,0.0,0.0,0.0,0.0
2024-02-02,2023-24,MEM,Away,0.0,0.0,0.0,0.0,0.0,0.0,0.0,0.0,0.0,0.0,0.0
2024-02-03,2023-24,ATL,Away,0.0,0.0,0.0,0.0,0.0,0.0,0.0,0.0,0.0,0.0,0.0
2024-02-05,2023-24,BKN,Away,0.0,0.0,0.0,0.0,0.0,0.0,0.0,0.0,0.0,0.0,0.0
2024-02-07,2023-24,PHI,Away,0.0,0.0,0.0,0.0,0.0,0.0,0.0,0.0,0.0,0.0,0.0
2024-02-08,2023-24,IND,Away,0.0,0.0,0.0,0.0,0.0,0.0,0.0,0.0,0.0,0.0,0.0
2024-02-10,2023-24,PHX,Home,0.0,0.0,0.0,0.0,0.0,0.0,0.0,0.0,0.0,0.0,0.0
2024-02-12,2023-24,UTA,Away,0.0,0.0,0.0,0.0,0.0,0.0,0.0,0.0,0.0,0.0,0.0
2024-02-14,2023-24,LAC,Home,0.0,0.0,0.0,0.0,0.0,0.0,0.0,0.0,0.0,0.0,0.0
2024-02-15,2023-24,UTA,Away,0.0,0.0,0.0,0.0,0.0,0.0,0.0,0.0,0.0,0.0,0.0
2024-02-22,2023-24,LAL,Home,0.0,0.0,0.0,0.0,0.0,0.0,0.0,0.0,0.0,0.0,0.0
2024-02-23,2023-24,CHA,Home,0.0,0.0,0.0,0.0,0.0,0.0,0.0,0.0,0.0,0.0,0.0
2024-02-25,2023-24,DEN,Home,0.0,0.0,0.0,0.0,0.0,0.0,0.0,0.0,0.0,0.0,0.0
2024-02-27,2023-24,WAS,Away,0.0,0.0,0.0,0.0,0.0,0.0,0.0,0.0,0.0,0.0,0.0
2024-02-29,2023-24,NYK,Away,0.0,0.0,0.0,0.0,0.0,0.0,0.0,0.0,0.0,0.0,0.0
2024-03-01,2023-24,TOR,Away,0.0,0.0,0.0,0.0,0.0,0.0,0.0,0.0,0.0,0.0,0.0
2024-03-03,2023-24,BOS,Away,0.0,0.0,0.0,0.0,0.0,0.0,0.0,0.0,0.0,0.0,0.0
2024-03-06,2023-24,MIL,Home,0.0,0.0,0.0,0.0,0.0,0.0,0.0,0.0,0.0,0.0,0.0
2024-03-07,2023-24,CHI,Home,0.0,0.0,0.0,0.0,0.0,0.0,0.0,0.0,0.0,0.0,0.0
2024-03-16,2023-24,LAL,Away,0.0,0.0,0.0,0.0,0.0,0.0,0.0,0.0,0.0,0.0,0.0
2024-03-18,2023-24,NYK,Home,0.0,0.0,0.0,0.0,0.0,0.0,0.0,0.0,0.0,0.0,0.0
2024-03-20,2023-24,MEM,Home,0.0,0.0,0.0,0.0,0.0,0.0,0.0,0.0,0.0,0.0,0.0
2024-03-22,2023-24,IND,Home,0.0,0.0,0.0,0.0,0.0,0.0,0.0,0.0,0.0,0.0,0.0
2024-03-24,2023-24,MIN,Away,0.0,0.0,0.0,0.0,0.0,0.0,0.0,0.0,0.0,0.0,0.0
2024-03-26,2023-24,MIA,Away,0.0,0.0,0.0,0.0,0.0,0.0,0.0,0.0,0.0,0.0,0.0
2024-03-27,2023-24,ORL,Away,0.0,0.0,0.0,0.0,0.0,0.0,0.0,0.0,0.0,0.0,0.0
2024-03-29,2023-24,CHA,Away,0.0,0.0,0.0,0.0,0.0,0.0,0.0,0.0,0.0,0.0,0.0
2024-03-31,2023-24,SAS,Away,0.0,0.0,0.0,0.0,0.0,0.0,0.0,0.0,0.0,0.0,0.0
2024-04-02,2023-24,DAL,Home,0.0,0.0,0.0,0.0,0.0,0.0,0.0,0.0,0.0,0.0,0.0
2024-04-04,2023-24,HOU,Away,0.0,0.0,0.0,0.0,0.0,0.0,0.0,0.0,0.0,0.0,0.0
2024-04-05,2023-24,DAL,Away,0.0,0.0,0.0,0.0,0.0,0.0,0.0,0.0,0.0,0.0,0.0
2024-04-09,2023-24,LAL,Away,0.0,0.0,0.0,0.0,0.0,0.0,0.0,0.0,0.0,0.0,0.0
2024-04-11,2023-24,POR,Away,0.0,0.0,0.0,0.0,0.0,0.0,0.0,0.0,0.0,0.0,0.0
2024-04-12,2023-24,NOP,Home,0.0,0.0,0.0,0.0,0.0,0.0,0.0,0.0,0.0,0.0,0.0
2024-10-23,2024-25,POR,Away,0.49,0.373,0.809,119.0,119.0,8.0,5.0,119.0,119.0,104.3,50.1
2024-10-25,2024-25,UTA,Away,0.478,0.368,0.797,115.0,115.0,7.0,4.0,115.0,115.5,102.0,49.0
2024-10-27,2024-25,LAC,Home,0.448,0.351,0.76,108.0,108.0,8.0,5.0,108.0,108.0,96.2,46.2
2024-11-04,2024-25,WAS,Away,0.476,0.363,0.788,115.0,115.0,8.0,4.0,115.0,115.2,101.3,48.6
2024-11-06,2024-25,BOS,Away,0.451,0.356,0.771,106.0,106.0,7.0,4.0,106.0,107.0,97.0,46.6
2024-11-08,2024-25,CLE,Away,0.455,0.356,0.771,108.0,108.0,7.0,5.0,108.0,108.9,97.5,46.8
2024-11-10,2024-25,OKC,Away,0.469,0.365,0.791,113.0,113.0,8.0,5.0,113.0,113.0,101.2,48.6
2024-11-12,2024-25,DAL,Home,0.465,0.359,0.779,112.0,112.0,7.0,4.0,112.0,112.3,99.1,47.6
2024-11-15,2024-25,MEM,Home,0.457,0.355,0.769,110.0,110.0,7.0,4.0,110.0,110.3,97.4,46.8
2024-11-18,2024-25,LAC,Away,0.464,0.363,0.787,111.0,111.0,8.0,4.0,111.0,111.9,99.6,47.8
2024-11-20,2024-25,ATL,Home,0.461,0.354,0.766,111.0,111.0,8.0,5.0,111.0,111.5,98.3,47.2
2024-11-22,2024-25,NOP,Away,0.484,0.373,0.808,116.0,116.0,8.0,5.0,116.0,116.8,103.1,49.5
2024-11-23,2024-25,SAS,Away,0.484,0.363,0.787,117.0,117.0,8.0,5.0,117.0,117.6,102.4,49.2
2024-11-25,2024-25,BKN,Home,0.461,0.356,0.772,111.0,111.0,7.0,4.0,111.0,111.6,98.5,47.3
2024-11-30,2024-25,PHX,Away,0.458,0.356,0.77,110.0,110.0,7.0,4.0,110.0,110.4,97.9,47.0
2024-12-03,2024-25,DEN,Away,0.469,0.365,0.79,112.0,112.0,8.0,5.0,112.0,112.7,100.1,48.0
2024-12-06,2024-25,MIN,Home,0.461,0.364,0.788,109.0,109.0,7.0,4.0,109.0,109.6,99.0,47.5
2024-12-08,2024-25,MIN,Home,0.463,0.365,0.792,110.0,110.0,7.0,5.0,110.0,110.2,99.5,47.8
2024-12-11,2024-25,HOU,Away,0.461,0.355,0.769,111.0,111.0,8.0,4.0,111.0,111.4,98.4,47.2
2024-12-15,2024-25,DAL,Home,0.464,0.358,0.777,112.0,112.0,7.0,5.0,112.0,112.0,98.9,47.5
2024-12-19,2024-25,MEM,Away,0.482,0.374,0.81,116.0,116.0,9.0,4.0,116.0,116.2,102.7,49.3
2024-12-21,2024-25,MIN,Away,0.454,0.359,0.777,108.0,108.0,7.0,4.0,108.0,108.1,97.6,46.8
2024-12-23,2024-25,IND,Home,0.461,0.353,0.765,111.0,111.0,8.0,5.0,111.0,111.6,98.6,47.3
2024-12-25,2024-25,LAL,Home,0.457,0.354,0.767,110.0,110.0,7.0,5.0,110.0,110.3,97.9,47.0
2024-12-28,2024-25,PHX,Home,0.472,0.366,0.793,113.0,113.0,8.0,5.0,113.0,113.7,100.8,48.4
2024-12-30,2024-25,CLE,Home,0.449,0.352,0.762,107.0,107.0,7.0,5.0,107.0,107.6,96.3,46.2
2025-01-02,2024-25,PHI,Home,0.454,0.356,0.772,108.0,108.0,8.0,4.0,108.0,108.4,96.9,46.5
2025-01-05,2024-25,SAC,Home,0.452,0.348,0.753,109.0,109.0,8.0,5.0,109.0,109.4,96.8,46.5
2025-01-07,2024-25,MIA,Home,0.463,0.363,0.787,110.0,110.0,8.0,4.0,110.0,110.7,98.3,47.2
2025-01-09,2024-25,DET,Away,0.469,0.354,0.767,113.0,113.0,8.0,4.0,113.0,113.9,99.3,47.7
2025-01-13,2024-25,TOR,Away,0.482,0.372,0.806,116.0,116.0,8.0,5.0,116.0,116.0,102.7,49.3
2025-01-15,2024-25,MIN,Away,0.464,0.366,0.793,110.0,110.0,8.0,5.0,110.0,110.4,99.7,47.9
2025-01-18,2024-25,WAS,Home,0.456,0.348,0.755,110.0,110.0,7.0,4.0,110.0,110.4,97.1,46.6
2025-01-20,2024-25,BOS,Home,0.456,0.36,0.78,108.0,108.0,7.0,5.0,108.0,108.2,98.1,47.1
2025-01-22,2024-25,SAC,Away,0.469,0.361,0.781,113.0,113.0,7.0,5.0,113.0,113.4,100.4,48.2
2025-01-23,2024-25,CHI,Home,0.461,0.358,0.776,111.0,111.0,7.0,4.0,111.0,111.1,98.3,47.2
2025-01-25,2024-25,LAL,Home,0.461,0.357,0.773,111.0,111.0,8.0,4.0,111.0,111.1,98.6,47.4
2025-01-29,2024-25,OKC,Home,0.468,0.364,0.789,112.0,112.0,8.0,5.0,112.0,112.7,100.9,48.4
2025-01-31,2024-25,PHX,Home,0.451,0.35,0.759,108.0,108.0,8.0,5.0,108.0,108.8,96.4,46.3
2025-02-03,2024-25,ORL,Home,0.453,0.354,0.768,108.0,108.0,8.0,5.0,108.0,108.6,96.9,46.5
2025-02-05,2024-25,UTA,Away,0.472,0.363,0.787,114.0,114.0,8.0,5.0,114.0,114.1,100.7,48.4
2025-02-06,2024-25,LAL,Away,0.469,0.363,0.786,112.0,112.0,8.0,5.0,112.0,113.0,100.3,48.1
2025-02-08,2024-25,CHI,Away,0.478,0.371,0.804,115.0,115.0,9.0,5.0,115.0,115.1,101.9,48.9
2025-02-10,2024-25,MIL,Away,0.478,0.373,0.809,114.0,114.0,7.0,5.0,114.0,114.9,102.8,49.4
2025-02-12,2024-25,DAL,Away,0.462,0.357,0.773,111.0,111.0,7.0,4.0,111.0,111.5,98.4,47.2
2025-02-13,2024-25,HOU,Away,0.479,0.37,0.801,115.0,115.0,7.0,4.0,115.0,115.9,102.4,49.1
2025-02-21,2024-25,SAC,Away,0.475,0.365,0.792,114.0,114.0,7.0,4.0,114.0,114.9,101.7,48.8
2025-02-23,2024-25,DAL,Home,0.475,0.367,0.794,114.0,114.0,9.0,5.0,114.0,114.6,101.1,48.5
2025-02-25,2024-25,CHA,Home,0.467,0.354,0.767,113.0,113.0,7.0,5.0,113.0,113.3,99.2,47.6
2025-02-27,2024-25,ORL,Away,0.462,0.362,0.784,110.0,110.0,8.0,5.0,110.0,110.8,98.9,47.5
2025-03-01,2024-25,PHI,Away,0.45,0.354,0.766,107.0,107.0,7.0,5.0,107.0,107.6,96.2,46.2
2025-03-03,2024-25,CHA,Away,0.471,0.357,0.773,114.0,114.0,8.0,4.0,114.0,114.2,100.0,48.0
2025-03-04,2024-25,NYK,Away,0.454,0.357,0.774,108.0,108.0,8.0,5.0,108.0,108.1,97.6,46.9
2025-03-06,2024-25,BKN,Away,0.466,0.36,0.779,112.0,112.0,7.0,4.0,112.0,112.6,99.4,47.7
2025-03-08,2024-25,DET,Home,0.462,0.349,0.756,112.0,112.0,7.0,4.0,112.0,112.2,97.8,47.0
2025-03-10,2024-25,POR,Home,0.462,0.352,0.762,112.0,112.0,7.0,4.0,112.0,112.1,98.2,47.2
2025-03-13,2024-25,SAC,Home,0.454,0.349,0.756,109.0,109.0,8.0,5.0,109.0,109.8,97.2,46.6
2025-03-15,2024-25,NYK,Home,0.451,0.355,0.77,107.0,107.0,7.0,4.0,107.0,107.5,97.0,46.6
2025-03-17,2024-25,DEN,Home,0.471,0.366,0.793,113.0,113.0,7.0,4.0,113.0,113.1,100.5,48.2
2025-03-20,2024-25,TOR,Home,0.466,0.36,0.78,112.0,112.0,7.0,4.0,112.0,112.4,99.5,47.7
2025-03-28,2024-25,NOP,Away,0.474,0.365,0.791,114.0,114.0,7.0,5.0,114.0,114.4,101.0,48.5
2025-03-30,2024-25,SAS,Away,0.489,0.366,0.794,118.0,118.0,8.0,4.0,118.0,118.6,103.3,49.6
2025-04-01,2024-25,MEM,Away,0.455,0.353,0.764,109.0,109.0,7.0,4.0,109.0,109.7,96.9,46.5
2025-04-03,2024-25,LAL,Away,0.477,0.369,0.8,114.0,114.0,8.0,4.0,114.0,114.9,102.0,49.0
2025-04-04,2024-25,DEN,Home,0.452,0.351,0.761,108.0,108.0,8.0,4.0,108.0,108.5,96.4,46.3
2025-04-06,2024-25,HOU,Home,0.47,0.363,0.786,113.0,113.0,8.0,5.0,113.0,113.7,100.4,48.2
2025-04-08,2024-25,PHX,Away,0.474,0.367,0.796,114.0,114.0,8.0,5.0,114.0,114.1,101.2,48.6
2025-04-09,2024-25,SAS,Home,0.472,0.354,0.768,114.0,114.0,7.0,5.0,114.0,114.7,99.9,48.0
2025-04-11,2024-25,POR,Away,0.475,0.362,0.784,115.0,115.0,7.0,5.0,115.0,115.3,101.1,48.5
2025-04-13,2024-25,LAC,Home,0.451,0.353,0.765,108.0,108.0,7.0,4.0,108.0,108.8,96.8,46.5
2025-10-21,2025-26,LAL,Away,0.469,0.363,0.786,112.0,112.0,8.0,5.0,112.0,113.0,100.3,48.1
2025-10-23,2025-26,DEN,Home,0.471,0.366,0.793,113.0,113.0,7.0,4.0,113.0,113.1,100.5,48.2
2025-10-24,2025-26,POR,Away,0.462,0.352,0.762,112.0,112.0,7.0,4.0,112.0,112.1,98.2,47.2
2025-10-27,2025-26,MEM,Home,0.455,0.353,0.764,109.0,109.0,7.0,4.0,109.0,109.7,96.9,46.5
2025-10-28,2025-26,LAC,Home,0.451,0.353,0.765,108.0,108.0,7.0,4.0,108.0,108.8,96.8,46.5
2025-10-30,2025-26,MIL,Away,0.478,0.373,0.809,114.0,114.0,7.0,5.0,114.0,114.9,102.8,49.4
2025-11-01,2025-26,IND,Away,0.461,0.353,0.765,111.0,111.0,8.0,5.0,111.0,111.6,98.6,47.3
2025-11-04,2025-26,PHX,Home,0.458,0.356,0.77,110.0,110.0,7.0,4.0,110.0,110.4,97.9,47.0
2025-11-11,2025-26,OKC,Away,0.468,0.364,0.789,112.0,112.0,8.0,5.0,112.0,112.7,100.9,48.4
2025-11-12,2025-26,SAS,Away,0.472,0.354,0.768,114.0,114.0,7.0,5.0,114.0,114.7,99.9,48.0
2025-11-14,2025-26,SAS,Away,0.472,0.354,0.768,114.0,114.0,7.0,5.0,114.0,114.7,99.9,48.0
2025-11-16,2025-26,NOP,Away,0.484,0.373,0.808,116.0,116.0,8.0,5.0,116.0,116.8,103.1,49.5
2025-11-18,2025-26,ORL,Away,0.462,0.362,0.784,110.0,110.0,8.0,5.0,110.0,110.8,98.9,47.5
2025-11-21,2025-26,POR,Home,0.462,0.352,0.762,112.0,112.0,7.0,4.0,112.0,112.1,98.2,47.2
2025-11-24,2025-26,UTA,Home,0.472,0.363,0.787,114.0,114.0,8.0,5.0,114.0,114.1,100.7,48.4
2025-11-26,2025-26,HOU,Home,0.47,0.363,0.786,113.0,113.0,8.0,5.0,113.0,113.7,100.4,48.2
2025-12-12,2025-26,MIN,Home,0.461,0.364,0.788,109.0,109.0,7.0,4.0,109.0,109.6,99.0,47.5
2025-12-14,2025-26,POR,Away,0.462,0.352,0.762,112.0,112.0,7.0,4.0,112.0,112.1,98.2,47.2
2025-12-18,2025-26,PHX,Away,0.458,0.356,0.77,110.0,110.0,7.0,4.0,110.0,110.4,97.9,47.0
2025-12-20,2025-26,PHX,Home,0.458,0.356,0.77,110.0,110.0,7.0,4.0,110.0,110.4,97.9,47.0
2025-12-22,2025-26,ORL,Home,0.462,0.362,0.784,110.0,110.0,8.0,5.0,110.0,110.8,98.9,47.5
