game_date,season,klay_played,draymond_played,durant_played,key_teammates_missing
2013-10-30,2013-14,1,1,0,1
2013-10-31,2013-14,1,1,0,1
2013-11-02,2013-14,1,1,0,1
2013-11-04,2013-14,1,1,0,1
2013-11-06,2013-14,1,1,0,1
2013-11-09,2013-14,1,1,0,1
2013-11-12,2013-14,1,1,0,1
2013-11-14,2013-14,1,1,0,1
2013-11-16,2013-14,1,1,0,1
2013-11-18,2013-14,1,1,0,1
2013-11-23,2013-14,1,1,0,1
2013-11-26,2013-14,1,1,0,1
2013-11-27,2013-14,1,1,0,1
2013-11-29,2013-14,1,1,0,1
2013-12-01,2013-14,1,1,0,1
2013-12-03,2013-14,1,1,0,1
2013-12-06,2013-14,1,1,0,1
2013-12-07,2013-14,1,1,0,1
2013-12-09,2013-14,1,1,0,1
2013-12-11,2013-14,1,1,0,1
2013-12-13,2013-14,1,1,0,1
2013-12-15,2013-14,1,1,0,1
2013-12-17,2013-14,1,1,0,1
2013-12-19,2013-14,1,1,0,1
2013-12-21,2013-14,1,1,0,1
2013-12-23,2013-14,1,1,0,1
2013-12-25,2013-14,1,1,0,1
2013-12-27,2013-14,1,1,0,1
2013-12-29,2013-14,1,1,0,1
2013-12-31,2013-14,1,1,0,1
2014-01-02,2013-14,1,1,0,1
2014-01-03,2013-14,1,1,0,1
2014-01-05,2013-14,1,1,0,1
2014-01-07,2013-14,1,1,0,1
2014-01-08,2013-14,1,1,0,1
2014-01-10,2013-14,1,1,0,1
2014-01-15,2013-14,1,1,0,1
2014-01-17,2013-14,1,1,0,1
2014-01-18,2013-14,1,1,0,1
2014-01-20,2013-14,1,1,0,1
2014-01-24,2013-14,1,1,0,1
2014-01-26,2013-14,1,1,0,1
2014-01-28,2013-14,1,1,0,1
2014-01-30,2013-14,1,1,0,1
2014-01-31,2013-14,1,1,0,1
2014-02-04,2013-14,1,1,0,1
2014-02-06,2013-14,1,1,0,1
2014-02-08,2013-14,1,1,0,1
2014-02-10,2013-14,1,1,0,1
2014-02-12,2013-14,1,1,0,1
2014-02-19,2013-14,1,1,0,1
2014-02-20,2013-14,1,1,0,1
2014-02-22,2013-14,1,1,0,1
2014-02-24,2013-14,1,1,0,1
2014-02-26,2013-14,1,1,0,1
2014-02-28,2013-14,1,1,0,1
2014-03-02,2013-14,1,1,0,1
2014-03-04,2013-14,1,1,0,1
2014-03-05,2013-14,1,1,0,1
2014-03-07,2013-14,1,1,0,1
2014-03-09,2013-14,1,1,0,1
2014-03-11,2013-14,1,1,0,1
2014-03-12,2013-14,1,1,0,1
2014-03-14,2013-14,0,1,0,2
2014-03-16,2013-14,1,1,0,1
2014-03-18,2013-14,1,1,0,1
2014-03-20,2013-14,1,1,0,1
2014-03-22,2013-14,1,1,0,1
2014-03-28,2013-14,1,1,0,1
2014-03-30,2013-14,1,1,0,1
2014-04-01,2013-14,1,1,0,1
2014-04-02,2013-14,1,1,0,1
2014-04-04,2013-14,1,1,0,1
2014-04-06,2013-14,1,1,0,1
2014-04-10,2013-14,1,1,0,1
2014-04-11,2013-14,1,1,0,1
2014-04-13,2013-14,1,1,0,1
2014-04-14,2013-14,1,1,0,1
2014-10-29,2014-15,1,1,0,1
2014-11-01,2014-15,1,1,0,1
2014-11-02,2014-15,1,1,0,1
2014-11-05,2014-15,1,1,0,1
2014-11-08,2014-15,1,1,0,1
2014-11-09,2014-15,0,1,0,2
2014-11-11,2014-15,1,1,0,1
2014-11-13,2014-15,1,1,0,1
2014-11-15,2014-15,1,1,0,1
2014-11-16,2014-15,1,1,0,1
2014-11-21,2014-15,1,1,0,1
2014-11-23,2014-15,1,1,0,1
2014-11-25,2014-15,1,1,0,1
2014-11-26,2014-15,1,1,0,1
2014-11-28,2014-15,1,1,0,1
2014-11-30,2014-15,1,1,0,1
2014-12-02,2014-15,1,1,0,1
2014-12-04,2014-15,1,1,0,1
2014-12-06,2014-15,1,1,0,1
2014-12-08,2014-15,1,1,0,1
2014-12-10,2014-15,1,1,0,1
2014-12-13,2014-15,1,1,0,1
2014-12-14,2014-15,1,1,0,1
2014-12-16,2014-15,1,1,0,1
2014-12-18,2014-15,1,1,0,1
2014-12-22,2014-15,1,1,0,1
2014-12-23,2014-15,1,1,0,1
2014-12-25,2014-15,1,1,0,1
2014-12-27,2014-15,1,1,0,1
2014-12-30,2014-15,1,1,0,1
2015-01-02,2014-15,1,1,0,1
2015-01-05,2014-15,1,1,0,1
2015-01-07,2014-15,1,1,0,1
2015-01-09,2014-15,1,1,0,1
2015-01-13,2014-15,1,1,0,1
2015-01-14,2014-15,1,1,0,1
2015-01-16,2014-15,1,1,0,1
2015-01-17,2014-15,1,1,0,1
2015-01-19,2014-15,1,1,0,1
2015-01-21,2014-15,1,1,0,1
2015-01-23,2014-15,1,1,0,1
2015-01-25,2014-15,1,1,0,1
2015-01-27,2014-15,1,1,0,1
2015-01-30,2014-15,1,1,0,1
2015-01-31,2014-15,1,1,0,1
2015-02-03,2014-15,1,1,0,1
2015-02-04,2014-15,1,1,0,1
2015-02-06,2014-15,1,1,0,1
2015-02-07,2014-15,1,1,0,1
2015-02-09,2014-15,1,1,0,1
2015-02-11,2014-15,1,1,0,1
2015-02-20,2014-15,1,1,0,1
2015-02-24,2014-15,1,1,0,1
2015-02-26,2014-15,1,1,0,1
2015-02-27,2014-15,1,1,0,1
2015-03-01,2014-15,1,1,0,1
2015-03-02,2014-15,1,1,0,1
2015-03-04,2014-15,1,1,0,1
2015-03-06,2014-15,1,1,0,1
2015-03-08,2014-15,1,1,0,1
2015-03-09,2014-15,1,1,0,1
2015-03-11,2014-15,1,1,0,1
2015-03-14,2014-15,1,1,0,1
2015-03-16,2014-15,1,1,0,1
2015-03-18,2014-15,0,1,0,2
2015-03-20,2014-15,0,1,0,2
2015-03-21,2014-15,0,1,0,2
2015-03-23,2014-15,1,1,0,1
2015-03-24,2014-15,1,1,0,1
2015-03-27,2014-15,1,1,0,1
2015-03-28,2014-15,1,0,0,2
2015-03-31,2014-15,1,0,0,2
2015-04-02,2014-15,1,0,0,2
2015-04-04,2014-15,1,1,0,1
2015-04-05,2014-15,1,1,0,1
2015-04-07,2014-15,1,1,0,1
2015-04-09,2014-15,1,1,0,1
2015-04-11,2014-15,1,1,0,1
2015-04-13,2014-15,1,1,0,1
2015-04-15,2014-15,1,1,0,1
2015-10-27,2015-16,1,1,0,1
2015-10-30,2015-16,1,1,0,1
2015-10-31,2015-16,1,1,0,1
2015-11-02,2015-16,1,1,0,1
2015-11-04,2015-16,1,1,0,1
2015-11-06,2015-16,1,1,0,1
2015-11-07,2015-16,1,1,0,1
2015-11-09,2015-16,1,1,0,1
2015-11-11,2015-16,1,1,0,1
2015-11-12,2015-16,1,1,0,1
2015-11-14,2015-16,0,1,0,2
2015-11-17,2015-16,1,1,0,1
2015-11-19,2015-16,1,1,0,1
2015-11-20,2015-16,1,1,0,1
2015-11-22,2015-16,1,1,0,1
2015-11-24,2015-16,1,1,0,1
2015-11-27,2015-16,1,1,0,1
2015-11-28,2015-16,1,1,0,1
2015-11-30,2015-16,1,1,0,1
2015-12-02,2015-16,1,1,0,1
2015-12-05,2015-16,1,1,0,1
2015-12-06,2015-16,1,1,0,1
2015-12-08,2015-16,1,1,0,1
2015-12-11,2015-16,0,1,0,2
2015-12-12,2015-16,1,1,0,1
2015-12-16,2015-16,1,1,0,1
2015-12-18,2015-16,1,1,0,1
2015-12-23,2015-16,1,1,0,1
2015-12-25,2015-16,1,1,0,1
2015-12-28,2015-16,1,1,0,1
2016-01-02,2015-16,1,1,0,1
2016-01-04,2015-16,1,1,0,1
2016-01-05,2015-16,1,1,0,1
2016-01-08,2015-16,1,1,0,1
2016-01-09,2015-16,1,1,0,1
2016-01-11,2015-16,1,1,0,1
2016-01-13,2015-16,1,0,0,2
2016-01-14,2015-16,1,1,0,1
2016-01-16,2015-16,1,1,0,1
2016-01-18,2015-16,1,1,0,1
2016-01-20,2015-16,1,1,0,1
2016-01-22,2015-16,1,1,0,1
2016-01-25,2015-16,1,1,0,1
2016-01-27,2015-16,1,1,0,1
2016-01-30,2015-16,1,1,0,1
2016-01-31,2015-16,1,1,0,1
2016-02-03,2015-16,1,1,0,1
2016-02-06,2015-16,1,1,0,1
2016-02-09,2015-16,1,1,0,1
2016-02-10,2015-16,1,1,0,1
2016-02-19,2015-16,1,1,0,1
2016-02-20,2015-16,1,1,0,1
2016-02-22,2015-16,1,1,0,1
2016-02-24,2015-16,1,1,0,1
2016-02-25,2015-16,1,1,0,1
2016-02-27,2015-16,1,1,0,1
2016-03-03,2015-16,1,1,0,1
2016-03-06,2015-16,1,1,0,1
2016-03-07,2015-16,1,1,0,1
2016-03-09,2015-16,1,1,0,1
2016-03-11,2015-16,1,1,0,1
2016-03-12,2015-16,1,1,0,1
2016-03-14,2015-16,1,1,0,1
2016-03-16,2015-16,1,1,0,1
2016-03-18,2015-16,1,1,0,1
2016-03-19,2015-16,1,1,0,1
2016-03-21,2015-16,1,1,0,1
2016-03-23,2015-16,1,1,0,1
2016-03-25,2015-16,1,1,0,1
2016-03-27,2015-16,1,1,0,1
2016-03-29,2015-16,1,1,0,1
2016-03-30,2015-16,1,1,0,1
2016-04-01,2015-16,1,1,0,1
2016-04-03,2015-16,1,1,0,1
2016-04-05,2015-16,1,1,0,1
2016-04-07,2015-16,1,1,0,1
2016-04-09,2015-16,1,1,0,1
2016-04-10,2015-16,1,1,0,1
2016-04-13,2015-16,1,1,0,1
2016-10-25,2016-17,1,1,1,0
2016-10-28,2016-17,1,1,1,0
2016-10-30,2016-17,1,1,1,0
2016-11-01,2016-17,1,1,1,0
2016-11-03,2016-17,1,1,1,0
2016-11-04,2016-17,1,1,1,0
2016-11-07,2016-17,1,1,1,0
2016-11-09,2016-17,1,1,1,0
2016-11-10,2016-17,1,1,1,0
2016-11-13,2016-17,1,1,1,0
2016-11-16,2016-17,1,1,1,0
2016-11-18,2016-17,1,1,1,0
2016-11-19,2016-17,1,1,1,0
2016-11-21,2016-17,1,1,1,0
2016-11-23,2016-17,1,1,1,0
2016-11-25,2016-17,1,1,1,0
2016-11-26,2016-17,1,0,1,1
2016-11-28,2016-17,1,1,1,0
2016-12-01,2016-17,1,1,1,0
2016-12-03,2016-17,1,1,1,0
2016-12-05,2016-17,1,1,1,0
2016-12-07,2016-17,1,1,1,0
2016-12-08,2016-17,1,1,1,0
2016-12-10,2016-17,1,1,1,0
2016-12-11,2016-17,1,1,1,0
2016-12-13,2016-17,1,1,1,0
2016-12-15,2016-17,1,1,1,0
2016-12-17,2016-17,1,1,1,0
2016-12-20,2016-17,1,1,1,0
2016-12-22,2016-17,1,0,1,1
2016-12-23,2016-17,1,1,1,0
2016-12-25,2016-17,1,1,1,0
2016-12-28,2016-17,1,1,1,0
2016-12-30,2016-17,1,1,1,0
2017-01-02,2016-17,1,1,1,0
2017-01-04,2016-17,1,1,1,0
2017-01-06,2016-17,1,1,1,0
2017-01-08,2016-17,1,1,1,0
2017-01-10,2016-17,0,1,1,1
2017-01-12,2016-17,1,1,1,0
2017-01-16,2016-17,1,1,1,0
2017-01-18,2016-17,1,1,1,0
2017-01-20,2016-17,1,1,1,0
2017-01-22,2016-17,1,1,1,0
2017-01-23,2016-17,1,1,1,0
2017-01-25,2016-17,1,1,1,0
2017-01-28,2016-17,1,1,1,0
2017-02-01,2016-17,1,1,1,0
2017-02-02,2016-17,1,0,1,1
2017-02-04,2016-17,1,1,1,0
2017-02-08,2016-17,1,1,1,0
2017-02-10,2016-17,1,1,1,0
2017-02-11,2016-17,1,1,1,0
2017-02-13,2016-17,0,1,1,1
2017-02-15,2016-17,1,1,1,0
2017-02-23,2016-17,1,1,1,0
2017-02-25,2016-17,1,1,0,1
2017-02-27,2016-17,1,1,1,0
2017-02-28,2016-17,1,1,1,0
2017-03-02,2016-17,1,1,0,1
2017-03-05,2016-17,1,1,0,1
2017-03-06,2016-17,1,1,0,1
2017-03-08,2016-17,1,1,0,1
2017-03-10,2016-17,1,1,0,1
2017-03-14,2016-17,1,1,0,1
2017-03-16,2016-17,1,1,0,1
2017-03-18,2016-17,1,1,0,1
2017-03-20,2016-17,1,1,0,1
2017-03-21,2016-17,1,1,0,1
2017-03-24,2016-17,1,1,0,1
2017-03-26,2016-17,1,1,0,1
2017-03-28,2016-17,1,1,0,1
2017-03-29,2016-17,1,1,0,1
2017-03-31,2016-17,1,1,0,1
2017-04-02,2016-17,1,1,0,1
2017-04-04,2016-17,1,1,0,1
2017-04-05,2016-17,1,0,0,2
2017-04-10,2016-17,0,1,1,1
2017-04-12,2016-17,1,0,1,1
2017-10-17,2017-18,1,1,1,0
2017-10-20,2017-18,1,1,1,0
2017-10-21,2017-18,1,1,1,0
2017-10-23,2017-18,1,1,1,0
2017-10-25,2017-18,1,1,1,0
2017-10-27,2017-18,1,1,1,0
2017-10-29,2017-18,1,1,1,0
2017-10-30,2017-18,1,1,1,0
2017-11-02,2017-18,1,1,1,0
2017-11-04,2017-18,1,1,1,0
2017-11-06,2017-18,1,1,1,0
2017-11-08,2017-18,1,1,0,1
2017-11-11,2017-18,1,1,1,0
2017-11-16,2017-18,1,1,1,0
2017-11-18,2017-18,1,1,1,0
2017-11-19,2017-18,1,1,0,1
2017-11-22,2017-18,1,1,1,0
2017-11-24,2017-18,1,0,0,2
2017-11-25,2017-18,1,1,0,1
2017-11-29,2017-18,1,1,1,0
2017-12-01,2017-18,1,1,1,0
2017-12-03,2017-18,1,1,1,0
2017-12-04,2017-18,1,1,1,0
2017-12-30,2017-18,1,1,1,0
2018-01-03,2017-18,1,1,1,0
2018-01-04,2017-18,1,1,0,1
2018-01-06,2017-18,1,1,0,1
2018-01-08,2017-18,1,1,0,1
2018-01-13,2017-18,1,1,1,0
2018-01-15,2017-18,1,1,1,0
2018-01-17,2017-18,1,0,1,1
2018-01-20,2017-18,1,1,1,0
2018-01-23,2017-18,1,1,1,0
2018-01-25,2017-18,1,1,1,0
2018-01-27,2017-18,1,1,1,0
2018-01-30,2017-18,1,1,1,0
2018-02-02,2017-18,1,1,1,0
2018-02-03,2017-18,1,1,1,0
2018-02-06,2017-18,1,1,1,0
2018-02-08,2017-18,1,1,1,0
2018-02-10,2017-18,1,1,1,0
2018-02-12,2017-18,1,0,1,1
2018-02-14,2017-18,1,1,1,0
2018-02-22,2017-18,1,1,1,0
2018-02-24,2017-18,1,1,1,0
2018-02-26,2017-18,1,1,1,0
2018-02-28,2017-18,1,1,1,0
2018-03-02,2017-18,1,1,1,0
2018-03-06,2017-18,1,1,1,0
2018-03-08,2017-18,1,1,1,0
2018-03-23,2017-18,0,0,0,3
2018-10-16,2018-19,1,1,1,0
2018-10-19,2018-19,1,1,1,0
2018-10-21,2018-19,1,1,1,0
2018-10-22,2018-19,1,1,1,0
2018-10-24,2018-19,1,1,1,0
2018-10-26,2018-19,1,1,1,0
2018-10-28,2018-19,1,1,1,0
2018-10-29,2018-19,1,1,1,0
2018-10-31,2018-19,1,1,1,0
2018-11-02,2018-19,1,1,1,0
2018-11-05,2018-19,1,1,1,0
2018-11-08,2018-19,1,0,1,1
2018-12-01,2018-19,1,0,1,1
2018-12-03,2018-19,1,0,1,1
2018-12-05,2018-19,1,0,1,1
2018-12-07,2018-19,1,0,1,1
2018-12-10,2018-19,1,1,1,0
2018-12-12,2018-19,1,1,1,0
2018-12-14,2018-19,1,1,1,0
2018-12-17,2018-19,1,1,1,0
2018-12-19,2018-19,1,1,1,0
2018-12-22,2018-19,1,1,1,0
2018-12-23,2018-19,1,1,1,0
2018-12-25,2018-19,1,1,1,0
2018-12-27,2018-19,1,1,1,0
2018-12-29,2018-19,1,1,1,0
2018-12-31,2018-19,1,1,1,0
2019-01-03,2018-19,1,1,1,0
2019-01-05,2018-19,1,1,1,0
2019-01-08,2018-19,1,1,1,0
2019-01-11,2018-19,1,1,1,0
2019-01-13,2018-19,1,1,1,0
2019-01-15,2018-19,1,1,1,0
2019-01-16,2018-19,1,1,1,0
2019-01-18,2018-19,1,1,1,0
2019-01-21,2018-19,1,1,1,0
2019-01-24,2018-19,1,1,1,0
2019-01-26,2018-19,1,1,1,0
2019-01-28,2018-19,1,0,1,1
2019-01-31,2018-19,0,1,1,1
2019-02-02,2018-19,1,1,1,0
2019-02-06,2018-19,1,1,1,0
2019-02-08,2018-19,1,1,1,0
2019-02-10,2018-19,1,1,1,0
2019-02-12,2018-19,1,1,1,0
2019-02-13,2018-19,1,1,1,0
2019-02-21,2018-19,1,1,1,0
2019-02-23,2018-19,1,1,1,0
2019-02-25,2018-19,1,1,1,0
2019-02-27,2018-19,1,1,1,0
2019-02-28,2018-19,1,1,0,1
2019-03-02,2018-19,0,1,1,1
2019-03-05,2018-19,0,1,1,1
2019-03-08,2018-19,1,1,1,0
2019-03-10,2018-19,1,1,1,0
2019-03-13,2018-19,1,1,0,1
2019-03-16,2018-19,1,1,0,1
2019-03-18,2018-19,1,1,1,0
2019-03-19,2018-19,1,1,1,0
2019-03-21,2018-19,1,1,1,0
2019-03-24,2018-19,1,1,1,0
2019-03-27,2018-19,1,1,1,0
2019-03-29,2018-19,1,1,1,0
2019-03-31,2018-19,1,1,1,0
2019-04-02,2018-19,1,1,1,0
2019-04-04,2018-19,1,1,1,0
2019-04-05,2018-19,1,1,1,0
2019-04-07,2018-19,1,1,1,0
2019-04-09,2018-19,0,1,0,2
2019-10-24,2019-20,0,1,0,2
2019-10-27,2019-20,0,1,0,2
2019-10-28,2019-20,0,1,0,2
2019-10-30,2019-20,0,1,0,2
2020-03-05,2019-20,0,0,0,3
2020-12-22,2020-21,0,0,0,3
2020-12-25,2020-21,0,0,0,3
2020-12-27,2020-21,0,0,0,3
2020-12-29,2020-21,0,0,0,3
2021-01-01,2020-21,0,1,0,2
2021-01-03,2020-21,0,1,0,2
2021-01-04,2020-21,0,1,0,2
2021-01-06,2020-21,0,1,0,2
2021-01-08,2020-21,0,1,0,2
2021-01-10,2020-21,0,1,0,2
2021-01-12,2020-21,0,1,0,2
2021-01-14,2020-21,0,1,0,2
2021-01-18,2020-21,0,1,0,2
2021-01-20,2020-21,0,1,0,2
2021-01-21,2020-21,0,1,0,2
2021-01-23,2020-21,0,1,0,2
2021-01-25,2020-21,0,1,0,2
2021-01-27,2020-21,0,1,0,2
2021-01-28,2020-21,0,1,0,2
2021-01-30,2020-21,0,1,0,2
2021-02-02,2020-21,0,1,0,2
2021-02-04,2020-21,0,1,0,2
2021-02-06,2020-21,0,1,0,2
2021-02-08,2020-21,0,1,0,2
2021-02-09,2020-21,0,1,0,2
2021-02-11,2020-21,0,1,0,2
2021-02-13,2020-21,0,1,0,2
2021-02-15,2020-21,0,1,0,2
2021-02-17,2020-21,0,0,0,3
2021-02-19,2020-21,0,1,0,2
2021-02-23,2020-21,0,1,0,2
2021-02-24,2020-21,0,1,0,2
2021-02-26,2020-21,0,1,0,2
2021-02-28,2020-21,0,1,0,2
2021-03-03,2020-21,0,1,0,2
2021-03-11,2020-21,0,1,0,2
2021-03-14,2020-21,0,1,0,2
2021-03-15,2020-21,0,1,0,2
2021-03-17,2020-21,0,1,0,2
2021-03-29,2020-21,0,1,0,2
2021-04-01,2020-21,0,1,0,2
2021-04-04,2020-21,0,1,0,2
2021-04-06,2020-21,0,1,0,2
2021-04-09,2020-21,0,1,0,2
2021-04-10,2020-21,0,1,0,2
2021-04-12,2020-21,0,1,0,2
2021-04-14,2020-21,0,1,0,2
2021-04-15,2020-21,0,1,0,2
2021-04-17,2020-21,0,1,0,2
2021-04-19,2020-21,0,1,0,2
2021-04-21,2020-21,0,1,0,2
2021-04-23,2020-21,0,1,0,2
2021-04-25,2020-21,0,1,0,2
2021-04-27,2020-21,0,1,0,2
2021-04-29,2020-21,0,1,0,2
2021-05-01,2020-21,0,1,0,2
2021-05-03,2020-21,0,1,0,2
2021-05-04,2020-21,0,1,0,2
2021-05-06,2020-21,0,1,0,2
2021-05-08,2020-21,0,1,0,2
2021-05-10,2020-21,0,1,0,2
2021-05-11,2020-21,0,1,0,2
2021-05-16,2020-21,0,1,0,2
2021-10-19,2021-22,0,1,0,2
2021-10-21,2021-22,0,1,0,2
2021-10-24,2021-22,0,1,0,2
2021-10-26,2021-22,0,1,0,2
2021-10-28,2021-22,0,1,0,2
2021-10-30,2021-22,0,1,0,2
2021-11-03,2021-22,0,1,0,2
2021-11-05,2021-22,0,1,0,2
2021-11-07,2021-22,0,1,0,2
2021-11-08,2021-22,0,1,0,2
2021-11-10,2021-22,0,1,0,2
2021-11-12,2021-22,0,1,0,2
2021-11-14,2021-22,0,1,0,2
2021-11-16,2021-22,0,1,0,2
2021-11-18,2021-22,0,1,0,2
2021-11-21,2021-22,0,1,0,2
2021-11-24,2021-22,0,1,0,2
2021-11-26,2021-22,0,1,0,2
2021-11-28,2021-22,0,1,0,2
2021-11-30,2021-22,0,1,0,2
2021-12-03,2021-22,0,1,0,2
2021-12-04,2021-22,0,1,0,2
2021-12-06,2021-22,0,1,0,2
2021-12-08,2021-22,0,1,0,2
2021-12-11,2021-22,0,1,0,2
2021-12-13,2021-22,0,1,0,2
2021-12-14,2021-22,0,1,0,2
2021-12-17,2021-22,0,1,0,2
2021-12-20,2021-22,0,1,0,2
2021-12-23,2021-22,0,1,0,2
2021-12-25,2021-22,0,1,0,2
2021-12-28,2021-22,0,0,0,3
2022-01-01,2021-22,0,0,0,3
2022-01-03,2021-22,0,1,0,2
2022-01-05,2021-22,0,1,0,2
2022-01-09,2021-22,1,1,0,1
2022-01-11,2021-22,1,0,0,2
2022-01-13,2021-22,1,0,0,2
2022-01-14,2021-22,0,0,0,3
2022-01-18,2021-22,1,0,0,2
2022-01-20,2021-22,1,0,0,2
2022-01-21,2021-22,0,0,0,3
2022-01-23,2021-22,0,0,0,3
2022-01-25,2021-22,1,0,0,2
2022-01-27,2021-22,1,0,0,2
2022-01-29,2021-22,1,0,0,2
2022-01-31,2021-22,1,0,0,2
2022-02-03,2021-22,1,0,0,2
2022-02-07,2021-22,1,0,0,2
2022-02-09,2021-22,0,0,0,3
2022-02-10,2021-22,1,0,0,2
2022-02-12,2021-22,1,0,0,2
2022-02-14,2021-22,1,0,0,2
2022-02-16,2021-22,1,0,0,2
2022-02-24,2021-22,1,0,0,2
2022-02-27,2021-22,0,0,0,3
2022-03-01,2021-22,0,0,0,3
2022-03-03,2021-22,1,0,0,2
2022-03-05,2021-22,1,0,0,2
2022-03-08,2021-22,1,0,0,2
2022-03-10,2021-22,1,0,0,2
2022-03-12,2021-22,1,0,0,2
2022-03-14,2021-22,1,1,0,1
2022-03-16,2021-22,1,1,0,1
2022-10-18,2022-23,1,1,0,1
2022-10-21,2022-23,1,1,0,1
2022-10-23,2022-23,1,1,0,1
2022-10-25,2022-23,1,1,0,1
2022-10-27,2022-23,1,1,0,1
2022-10-29,2022-23,1,1,0,1
2022-10-30,2022-23,0,1,0,2
2022-11-01,2022-23,1,1,0,1
2022-11-03,2022-23,1,1,0,1
2022-11-07,2022-23,1,1,0,1
2022-11-11,2022-23,1,1,0,1
2022-11-13,2022-23,1,1,0,1
2022-11-14,2022-23,0,1,0,2
2022-11-16,2022-23,1,1,0,1
2022-11-18,2022-23,1,1,0,1
2022-11-20,2022-23,1,1,0,1
2022-11-23,2022-23,1,1,0,1
2022-11-25,2022-23,1,1,0,1
2022-11-27,2022-23,1,1,0,1
2022-11-29,2022-23,1,1,0,1
2022-12-02,2022-23,1,1,0,1
2022-12-03,2022-23,0,1,0,2
2022-12-05,2022-23,1,1,0,1
2022-12-10,2022-23,1,1,0,1
2022-12-13,2022-23,1,1,0,1
2022-12-14,2022-23,0,1,0,2
2023-01-10,2022-23,1,1,0,1
2023-01-13,2022-23,1,1,0,1
2023-01-15,2022-23,1,1,0,1
2023-01-16,2022-23,0,1,0,2
2023-01-19,2022-23,1,1,0,1
2023-01-22,2022-23,1,1,0,1
2023-01-25,2022-23,1,1,0,1
2023-01-27,2022-23,1,1,0,1
2023-01-30,2022-23,1,1,0,1
2023-02-01,2022-23,1,1,0,1
2023-02-02,2022-23,0,0,0,3
2023-02-04,2022-23,1,1,0,1
2023-03-05,2022-23,1,1,0,1
2023-03-07,2022-23,1,1,0,1
2023-03-09,2022-23,1,1,0,1
2023-03-11,2022-23,1,1,0,1
2023-03-13,2022-23,1,1,0,1
2023-03-15,2022-23,1,1,0,1
2023-03-17,2022-23,1,0,0,2
2023-03-18,2022-23,1,1,0,1
2023-03-20,2022-23,1,1,0,1
2023-03-22,2022-23,1,1,0,1
2023-03-24,2022-23,1,1,0,1
2023-03-26,2022-23,1,1,0,1
2023-03-28,2022-23,1,1,0,1
2023-03-31,2022-23,1,1,0,1
2023-04-02,2022-23,1,1,0,1
2023-04-04,2022-23,0,1,0,2
2023-04-07,2022-23,1,1,0,1
2023-04-09,2022-23,1,1,0,1
2023-10-24,2023-24,1,0,0,2
2023-10-27,2023-24,1,0,0,2
2023-10-29,2023-24,1,1,0,1
2023-10-30,2023-24,0,1,0,2
2023-11-01,2023-24,1,1,0,1
2023-11-03,2023-24,1,1,0,1
2023-11-05,2023-24,1,1,0,1
2023-11-06,2023-24,1,1,0,1
2023-11-08,2023-24,1,0,0,2
2023-11-11,2023-24,1,1,0,1
2023-11-12,2023-24,1,1,0,1
2023-11-18,2023-24,1,0,0,2
2023-11-20,2023-24,1,0,0,2
2023-11-22,2023-24,1,0,0,2
2023-11-24,2023-24,1,0,0,2
2023-11-28,2023-24,1,1,0,1
2023-11-30,2023-24,1,1,0,1
2023-12-02,2023-24,1,1,0,1
2023-12-06,2023-24,1,1,0,1
2023-12-08,2023-24,1,1,0,1
2023-12-12,2023-24,1,1,0,1
2023-12-14,2023-24,1,0,0,2
2023-12-16,2023-24,1,0,0,2
2023-12-17,2023-24,1,0,0,2
2023-12-19,2023-24,1,0,0,2
2023-12-22,2023-24,1,0,0,2
2023-12-23,2023-24,1,0,0,2
2023-12-25,2023-24,1,0,0,2
2023-12-28,2023-24,1,0,0,2
2023-12-30,2023-24,1,0,0,2
2024-01-02,2023-24,1,0,0,2
2024-01-04,2023-24,1,0,0,2
2024-01-05,2023-24,1,0,0,2
2024-01-07,2023-24,1,0,0,2
2024-01-10,2023-24,1,0,0,2
2024-01-12,2023-24,1,0,0,2
2024-01-15,2023-24,1,1,0,1
2024-01-24,2023-24,1,1,0,1
2024-01-25,2023-24,1,1,0,1
2024-01-27,2023-24,1,1,0,1
2024-01-30,2023-24,0,1,0,2
2024-02-02,2023-24,1,1,0,1
2024-02-03,2023-24,1,1,0,1
2024-02-05,2023-24,1,1,0,1
2024-02-07,2023-24,1,1,0,1
2024-02-08,2023-24,0,1,0,2
2024-02-10,2023-24,1,1,0,1
2024-02-12,2023-24,1,1,0,1
2024-02-14,2023-24,1,1,0,1
2024-02-15,2023-24,1,1,0,1
2024-02-22,2023-24,1,1,0,1
2024-02-23,2023-24,1,1,0,1
2024-02-25,2023-24,1,1,0,1
2024-02-27,2023-24,1,1,0,1
2024-02-29,2023-24,1,1,0,1
2024-03-01,2023-24,1,1,0,1
2024-03-03,2023-24,1,1,0,1
2024-03-06,2023-24,1,1,0,1
2024-03-07,2023-24,1,1,0,1
2024-03-16,2023-24,1,1,0,1
2024-03-18,2023-24,1,1,0,1
2024-03-20,2023-24,1,1,0,1
2024-03-22,2023-24,1,1,0,1
2024-03-24,2023-24,1,1,0,1
2024-03-26,2023-24,1,1,0,1
2024-03-27,2023-24,1,1,0,1
2024-03-29,2023-24,0,1,0,2
2024-03-31,2023-24,1,1,0,1
2024-04-02,2023-24,1,1,0,1
2024-04-04,2023-24,1,1,0,1
2024-04-05,2023-24,1,1,0,1
2024-04-09,2023-24,1,1,0,1
2024-04-11,2023-24,0,0,0,3
2024-04-12,2023-24,1,1,0,1
2024-10-23,2024-25,0,0,0,3
2024-10-25,2024-25,0,0,0,3
2024-10-27,2024-25,0,0,0,3
2024-11-04,2024-25,0,0,0,3
2024-11-06,2024-25,0,0,0,3
2024-11-08,2024-25,0,0,0,3
2024-11-10,2024-25,0,0,0,3
2024-11-12,2024-25,0,0,0,3
2024-11-15,2024-25,0,0,0,3
2024-11-18,2024-25,0,0,0,3
2024-11-20,2024-25,0,0,0,3
2024-11-22,2024-25,0,0,0,3
2024-11-23,2024-25,0,0,0,3
2024-11-25,2024-25,0,0,0,3
2024-11-30,2024-25,0,0,0,3
2024-12-03,2024-25,0,0,0,3
2024-12-06,2024-25,0,0,0,3
2024-12-08,2024-25,0,0,0,3
2024-12-11,2024-25,0,0,0,3
2024-12-15,2024-25,0,0,0,3
2024-12-19,2024-25,0,0,0,3
2024-12-21,2024-25,0,0,0,3
2024-12-23,2024-25,0,0,0,3
2024-12-25,2024-25,0,0,0,3
2024-12-28,2024-25,0,0,0,3
2024-12-30,2024-25,0,0,0,3
2025-01-02,2024-25,0,0,0,3
2025-01-05,2024-25,0,0,0,3
2025-01-07,2024-25,0,0,0,3
2025-01-09,2024-25,0,0,0,3
2025-01-13,2024-25,0,0,0,3
2025-01-15,2024-25,0,0,0,3
2025-01-18,2024-25,0,0,0,3
2025-01-20,2024-25,0,0,0,3
2025-01-22,2024-25,0,0,0,3
2025-01-23,2024-25,0,0,0,3
2025-01-25,2024-25,0,0,0,3
2025-01-29,2024-25,0,0,0,3
2025-01-31,2024-25,0,0,0,3
2025-02-03,2024-25,0,0,0,3
2025-02-05,2024-25,0,0,0,3
2025-02-06,2024-25,0,0,0,3
2025-02-08,2024-25,0,0,0,3
2025-02-10,2024-25,0,0,0,3
2025-02-12,2024-25,0,0,0,3
2025-02-13,2024-25,0,0,0,3
2025-02-21,2024-25,0,0,0,3
2025-02-23,2024-25,0,0,0,3
2025-02-25,2024-25,0,0,0,3
2025-02-27,2024-25,0,0,0,3
2025-03-01,2024-25,0,0,0,3
2025-03-03,2024-25,0,0,0,3
2025-03-04,2024-25,0,0,0,3
2025-03-06,2024-25,0,0,0,3
2025-03-08,2024-25,0,0,0,3
2025-03-10,2024-25,0,0,0,3
2025-03-13,2024-25,0,0,0,3
2025-03-15,2024-25,0,0,0,3
2025-03-17,2024-25,0,0,0,3
2025-03-20,2024-25,0,0,0,3
2025-03-28,2024-25,0,0,0,3
2025-03-30,2024-25,0,0,0,3
2025-04-01,2024-25,0,0,0,3
2025-04-03,2024-25,0,0,0,3
2025-04-04,2024-25,0,0,0,3
2025-04-06,2024-25,0,0,0,3
2025-04-08,2024-25,0,0,0,3
2025-04-09,2024-25,0,0,0,3
2025-04-11,2024-25,0,0,0,3
2025-04-13,2024-25,0,0,0,3
2025-12-20,2025-26,0,0,0,3
2025-12-22,2025-26,0,0,0,3
